No,Sex,Exam. Location,Exam. date,Age,School,Occupation,Race,Body mass,Stature,"Iliac spine height, standing",Shoulder (biacromial) breadth,Head length,Head breadth,Chest circumference,Waist circumference,Calf circumference,Ball angle,Ball breadth,"Bicondylar, femur","Bicondylar, humerus",Bicristal breadth,Calf skinfold thickness,Cristal height,Fibular instep length,Foot breadth,Foot circumference,Foot length,Forearm circumference,Forearm length,Hand breadth,Hand length from crease,Hand length from stylion,Hand thickness,Heel breadth,Hip circumference,Instep length,Lateral epicondyle height,Lateral malleolus height,Maximum body height,Medial malleolus height,Subscapular skinfold thickness,Suprailiac skinfold thickness,Suprasternal height,Symphyseal height,Thigh circumference,Toe I angle,Toe V angle,Total head height,Triceps skinfold thickness,Trochanterion height,Upper arm circumference,"Upper arm circumference, flexed",Upper arm length,Upper limb length,Waist breadth,Waist height
1,M,"Japan, JP,Tokyo",1997.5.6,21.46,U,student,Japanese,79.8,1775,984,410,190,160,967,884,419,79.5,106,104,59,288,12.8,1067,176.5,108,269,274,263,259,82,189,197,30,68,1018,196,498,76,1782,84,19.4,27.4,1439,897,604,9,14.5,225,16.4,905,309,314,332,776,313,1077
2,M,"Japan, JP,Tokyo",1997.6.18,20.85,U,student,Japanese,58,1710,947,399,180,151,858,719,348,73,98,89,63,281,5.2,1004,158,103,248,255.5,236,254,78,180,184,27,63,877,188,470,71,1715,84,16,12,1379,857,496,8.5,14,240,10.6,865,261,266,305,736,273,1046
3,M,"Japan, JP,Tokyo",1997.5.6,19.81,U,student,Japanese,67.6,1778,979,388,198,161,848,743,378,79,106,102,68,257,9,1043,161,108,264,250.5,273,249,83,187,203,33,68.5,915,182,492,74,1782,81,14.6,8.4,1446,909,565,9.5,17.5,228,9.8,911,281,293,317,747,250,1126
4,M,"Japan, JP,Tokyo",1997.5.6,19.65,U,student,Japanese,69.2,1769,960,440,186,157,911,766,367,82.5,103,98,71,292,12.4,1030,168.5,104,259,261,267,254,88,180,196,35,66.5,940,182.5,482,69,1778,84,12.2,14.2,1424,893,542,7.5,9.5,240,13.4,896,283,299,347,776,275,1090
5,M,"Japan, JP,Tokyo",1997.5.6,24.69,U,student,Japanese,56.2,1676,868,407,183,152,788,649,365,74.5,97.5,94,63,251,6,932,149.5,101,257,246,242,240,82,179,181,32,61.5,872,176.5,440,70,1684,86,9.8,6.6,1330,806,520,6.5,13,234,6.4,824,245,260,300,711,221,1023
6,M,"Japan, JP,Tokyo",1997.5.6,21.05,U,student,Japanese,53.4,1735,952,375,183,171,832,667,339,80,98.5,98,65,277,3.8,1017,163,100,251,256,233,249,85,183,189,30,67,868,181,494,79,1742,85,7.6,4,1388,875,474,6,14,236,5,887,235,253,308,736,239,1067
7,M,"Japan, JP,Tokyo",1997.5.7,19.7,U,student,Japanese,67.8,1819,1027,412,183,159,875,728,377,80,98.5,101,65,301,4.8,1102,169.5,100,259,258,247,275,81,194,206,32,65,925,187,532,79,1823,91,9.4,4.4,1475,959,522,6.5,7,249,7,962,257,274,341,804,262,1148
8,M,"Japan, JP,Tokyo",1997.5.7,19.2,U,student,Japanese,59.4,1774,975,392,195,156,787,695,351,77.5,92.5,94,64,271,7.4,1024,157.5,94.5,235,246.5,244,256,74,177,187,27,59,890,178.5,483,67,1779,70,10.4,9,1425,904,520,14,8.5,226,8.4,909,247,259,344,775,250,1083
9,M,"Japan, JP,Tokyo",1997.5.7,19.85,U,student,Japanese,67.4,1795,938,372,189,162,874,702,385,81,101,102,68,279,5.6,1001,177.5,102,261,269.5,266,249,86,188,199,30,70.5,921,194,473,78,1800,85,11.4,3.6,1449,872,536,11,3,234,6.2,869,249,268,326,747,249,1091
10,M,"Japan, JP,Tokyo",1997.5.7,23.46,U,student,Japanese,59,1693,924,408,191,158,869,729,331,86,96,89,62,276,5.4,1003,168.5,96,238,255,245,241,81,184,191,31,66,879,175.5,472,76,1695,86,10,6.8,1354,865,527,9,11.5,218,6.6,869,282,289,338,725,264,1035
11,M,"Japan, JP,Tokyo",1997.5.7,22.79,U,student,Japanese,70.2,1809,1005,401,203,156,923,779,376,84.5,106.5,99,68,282,6.6,1100,178.5,106.5,262,265,266,264,86,188,208,34,70,918,188.5,515,78,1821,88,14.4,18.8,1481,922,533,6.5,15,237,10.6,949,288,297,330,765,269,1125
12,M,"Japan, JP,Tokyo",1997.5.7,20.96,U,student,Japanese,64.6,1789,971,410,184,165,899,692,375,81,105,101,65,283,10,1064,162.5,106,254,251,254,247,86,182,192,32,62.5,926,179.5,502,69,1793,83,9,6.4,1466,916,532,10.5,10,226,9.2,929,284,293,325,748,252,1095
13,M,"Japan, JP,Tokyo",1997.5.8,19.13,U,student,Japanese,65.8,1817,989,426,195,154,834,705,364,82,103.5,96,70,268,5.6,1055,179,104.5,262,272,250,265,84,198,212,30,69,932,194,507,84,1820,98,8.6,7.2,1478,905,513,9,12,223,7.8,935,254,256,327,787,253,1110
14,M,"Japan, JP,Tokyo",1997.5.8,19.42,U,student,Japanese,82.2,1804,957,393,201,164,935,861,407,74.5,102,106,72,280,14,1039,166,106,266,269,275,252,83,180,193,31,66,1013,194.5,485,69,1809,84,27.4,25,1451,868,618,10,11,242,22.8,890,313,330,327,753,313,1068
15,M,"Japan, JP,Tokyo",1997.5.8,20.02,U,student,Japanese,65,1744,936,385,195,172,861,723,360,82,100.5,99,64,290,7.4,1014,166.5,101.5,251,253.5,254,247,83,181,190,29,66,923,181,483,68,1751,86,17,10.2,1427,879,550,12.5,12.5,224,11.8,893,289,291,307,731,249,1091
16,M,"Japan, JP,Tokyo",1997.5.9,19.75,U,student,Japanese,72.6,1773,978,401,190,169,952,754,420,83,104,99,62,268,7,1015,168.5,105,268,257.5,272,251,85,181,197,36,64,949,182,479,68,1779,90,16.8,13.2,1420,898,574,7,16,239,13,909,291,309,336,770,281,1073
17,M,"Japan, JP,Tokyo",1997.6.20,19.38,U,student,Japanese,65,1674,900,372,182,157,855,708,396,77,102.5,97,64,283,11,993,158,106,259,254,259,230,83,180,187,30,66,924,182,462,67,1685,79,12,12,1352,840,589,5.5,18,248,9.8,853,287,296,304,710,273,993
18,M,"Japan, JP,Tokyo",1997.5.9,19.84,U,student,Japanese,65.4,1791,974,408,185,163,853,734,368,73.5,105,100,72,289,6.8,1034,162,110,265,262.5,250,251,86,185,190,30,66.5,907,193.5,485,72,1797,86,8.6,10,1449,895,544,18.5,11,231,6.4,900,255,265,320,753,270,1074
19,M,"Japan, JP,Tokyo",1997.5.9,20,U,student,Japanese,64.8,1785,978,428,195,157,877,752,392,78,99,105,69,278,7.2,1023,168.5,101.5,256,263,252,244,83,186,199,30,67.5,906,190,495,70,1792,92,8.6,7.8,1428,911,533,13,12,233,9.6,900,265,274,342,774,270,1066
20,M,"Japan, JP,Tokyo",1997.5.9,19.63,U,student,Japanese,63,1839,1038,414,188,160,848,710,338,80.5,107,99,67,285,5,1077,170.5,108.5,267,270,237,265,83,190,196,30,70.5,913,188.5,513,73,1842,98,9.6,9.4,1504,943,503,4,13,234,7.4,948,250,270,317,765,250,1137
21,M,"Japan, JP,Tokyo",1997.5.9,19.65,U,student,Japanese,51.6,1782,994,403,183,154,784,634,314,76,94,87,67,277,7.6,1055,157.5,96.5,237,254,236,258,81,189,202,28,63,825,181,485,76,1789,86,7.6,6.6,1440,940,441,11.5,11,232,6.2,927,235,252,332,769,243,1112
25,M,"Japan, JP,Tokyo",1997.5.13,21.66,U,student,Japanese,68,1778,982,407,184,161,881,780,355,78.5,97.5,95,65,269,6.6,1068,167.5,100,247,258,255,257,83,189,199,29,63,926,187.5,488,74,1785,95,12.8,12.4,1441,909,547,6,12,238,8.6,921,291,305,329,773,265,1093
26,M,"Japan, JP,Tokyo",1997.5.13,24.65,U,student,Japanese,68.4,1809,1012,380,195,171,882,751,376,76.5,104,96,69,289,5.2,1075,171,107,265,271,259,264,89,196,200,31,73.5,910,196,512,80,1813,92,11,8.2,1470,948,543,8,14,243,8.4,948,283,299,353,811,271,1110
27,M,"Japan, JP,Tokyo",1997.5.13,19.18,U,student,Japanese,67.8,1777,957,431,191,155,832,721,386,82.5,102,102,66,284,8,1037,180,103,262,270,255,246,85,186,198,31,66.5,960,194.5,492,73,1780,90,11.6,6.2,1436,885,542,7.5,10,238,7.8,903,271,285,318,746,264,1064
40,M,"Japan, JP,Tokyo",1997.6.27,19.5,U,student,Japanese,60.8,1686,908,414,184,169,845,722,364,80,100,97,68,275,8.2,1003,169.5,101,249,258,245,244,82,186,197,27,66.5,872,187.5,463,69,1692,84,11.8,16.2,1360,845,500,8,11.5,261,9,842,263,280,299,727,262,1020
41,M,"Japan, JP,Tokyo",1997.5.19,19.82,U,student,Japanese,64.8,1664,910,408,196,163,892,780,373,78,100,97,67,260,9.6,986,149.5,102.5,257,239,269,229,82,165,175,28,67.5,946,171,454,65,1670,84,18.8,19,1345,843,561,11,10.5,234,17.2,852,298,305,315,705,285,1007
42,M,"Japan, JP,Tokyo",1997.5.19,19.58,U,student,Japanese,59.4,1677,931,403,187,158,852,720,354,82,95.5,92,62,276,5.4,1010,164,96.5,239,250,242,247,83,175,180,28,62,885,177.5,480,69,1688,84,12.4,9.6,1351,866,524,5.5,13,232,10.4,884,266,275,316,745,277,1033
43,M,"Japan, JP,Tokyo",1997.7.9,22.3,U,student,Japanese,60,1647,859,398,190,165,824,691,353,75,101.5,96,63,271,7.6,947,148.5,105,256,243,258,229,85,171,179,30,65,930,176,418,64,1654,80,15.8,13.6,1319,810,555,8.5,10.5,243,11.6,802,273,293,277,685,260,971
44,M,"Japan, JP,Tokyo",1997.5.20,23.45,U,student,Japanese,63.4,1687,916,411,192,165,869,745,368,78.5,103,99,64,287,7.8,977,169.5,105,262,264,252,244,82,193,194,29,69,937,191.5,467,72,1695,91,11,6,1374,826,539,9,19,231,7.8,849,271,285,293,717,273,1080
45,M,"Japan, JP,Tokyo",1997.5.20,19.17,U,student,Japanese,58.8,1658,899,405,199,162,882,725,348,79.5,95,93,62,252,5.2,970,151.5,96.5,239,231,247,233,83,176,182,28,59.5,880,169.5,452,67,1662,82,10,5.8,1322,818,511,13,11.5,241,6.6,834,258,266,301,709,260,993
46,M,"Japan, JP,Tokyo",1997.5.20,19.74,U,student,Japanese,54,1673,930,402,188,158,811,682,338,77,94,92,62,244,6,999,160.5,96,239,250,237,249,80,181,187,31,64,844,182,472,66,1679,84,6.8,5.6,1351,869,9999,5.5,3.5,245,6.4,860,246,258,317,735,244,1015
47,M,"Japan, JP,Tokyo",1997.5.20,21.64,U,student,Japanese,48.4,1615,867,357,189,165,801,625,325,80.5,97.5,89,61,257,7.4,913,148,99,243,236,233,229,80,171,181,27,60.5,822,165,436,69,1621,76,9.2,6.4,1301,776,480,10,15,237,11.4,805,251,268,293,679,230,955
48,M,"Japan, JP,Tokyo",1997.5.20,19.59,U,student,Japanese,60,1779,956,394,195,157,833,685,355,81.5,107,95,66,287,6.2,1039,170,108,264,268,235,259,85,188,197,29,64.5,896,187,491,70,1789,84,10.8,10,1432,882,512,13.5,18.5,240,7,909,251,259,335,765,254,1068
49,M,"Japan, JP,Tokyo",1997.5.21,21.55,U,student,Japanese,58.8,1686,899,407,189,167,856,706,351,81.5,97,93,64,257,5.4,975,161,98,245,246,241,245,76,180,191,29,65,874,175.5,462,63,1692,82,10.4,7.8,1356,820,523,12.5,7.5,241,6.6,855,249,265,312,727,256,1009
50,M,"Japan, JP,Tokyo",1997.5.21,19.46,U,student,Japanese,61.4,1653,898,400,188,166,846,776,375,82.5,97,89,63,272,7,952,159,97,246,239.5,252,234,81,169,184,29,62,900,171.5,448,66,1664,80,16.4,13.2,1325,818,544,8,10.5,245,9.2,819,274,285,297,700,273,986
51,M,"Japan, JP,Tokyo",1997.5.21,19.52,U,student,Japanese,64.8,1759,905,414,200,161,858,720,369,80.5,104,94,67,272,7,999,170,105,259,264,254,249,84,191,205,28,66,921,187.5,473,71,1764,87,12.4,7.4,1405,840,515,12,16,256,8.2,880,256,273,300,739,265,1030
53,M,"Japan, JP,Tokyo",1997.5.28,19.96,U,student,Japanese,60.8,1716,935,408,200,156,865,729,358,77.5,100,98,65,277,6.4,1019,162,102.5,255,258,242,241,84,186,191,29,65,887,180,469,68,1721,76,13.2,9.4,1375,855,514,11,2,245,8.4,866,258,271,314,740,264,1038
54,M,"Japan, JP,Tokyo",1997.5.21,24.84,U,student,Japanese,54.2,1746,928,373,181,162,811,669,342,83,97.5,90,64,269,5.6,998,163,99,246,242,235,239,80,176,189,28,63.5,835,175.5,482,69,1757,82,7,7,1391,870,472,10.5,10,245,4.6,870,252,261,313,727,245,1047
55,M,"Japan, JP,Tokyo",1997.5.22,19.75,U,student,Japanese,49,1705,893,384,190,164,774,619,331,75.5,98.5,89,61,250,5.8,978,161,101,247,250.5,229,229,76,172,184,26,62,799,186.5,460,63,1710,77,11.4,4.8,1373,829,475,10,5,249,7,850,241,242,297,691,223,1023
56,M,"Japan, JP,Tokyo",1997.5.22,19.76,U,student,Japanese,64.4,1720,919,391,185,166,880,727,386,75,100.5,95,63,278,8.4,1005,164.5,105,257,268.5,245,234,84,186,193,29,68.5,947,192,473,73,1726,79,12.4,10.4,1400,869,558,5.5,14,232,12,862,260,278,305,723,267,1034
57,M,"Japan, JP,Tokyo",1997.5.22,21.98,U,student,Japanese,57.6,1732,924,421,194,163,851,680,332,78.5,99,93,71,252,5.2,1000,162.5,100.5,246,258,252,250,84,182,192,28,67,850,182.5,480,70,1741,83,11.2,9.6,1395,853,484,4.5,19.5,241,6.8,879,267,275,307,740,256,1051
58,M,"Japan, JP,Tokyo",1997.5.23,19.82,U,student,Japanese,57.6,1704,906,385,188,161,822,675,335,77.5,104,95,62,264,11.4,990,158.5,106,258,257,243,237,84,185,191,27,66,877,181.5,472,80,1710,86,8.4,7.2,1365,843,506,3,19.5,245,6.8,857,259,273,306,723,248,1025
59,M,"Japan, JP,Tokyo",1997.7.9,19.83,U,student,Japanese,68,1757,942,390,194,157,876,701,369,79.5,102.5,103,65,272,11.6,1024,163,104,255,251,261,247,79,189,192,29,65,961,182.5,481,72,1760,88,15.6,18.2,1408,882,563,4.5,18.5,257,11.4,879,271,281,308,723,260,1049
60,M,"Japan, JP,Tokyo",1997.5.23,19.72,U,student,Japanese,58.6,1728,945,406,195,157,838,705,337,76,102,98,66,269,5.8,1016,159.5,105,260,257.5,238,261,82,187,193,29,71.5,887,185.5,482,69,1734,79,10.6,7.8,1389,865,503,10,2.5,248,6.4,897,260,268,305,748,264,1044
61,M,"Japan, JP,Tokyo",1997.5.23,20.09,U,student,Japanese,54.8,1688,921,397,190,165,827,675,333,79,98,90,65,277,3.6,1003,160,100,249,252,243,235,81,179,184,28,62,855,180,458,66,1695,75,7,5,1366,843,479,11.5,14,240,4.2,862,250,264,297,715,260,1002
62,M,"Japan, JP,Tokyo",1997.5.23,20.79,U,student,Japanese,58.2,1639,883,400,182,159,844,692,365,75,101,95,63,276,10,963,157.5,104,253,254,256,224,83,180,187,29,63.5,899,184.5,455,69,1644,74,11.6,21.6,1316,807,534,7.5,6.5,239,12.4,837,271,281,295,691,247,984
63,M,"Japan, JP,Tokyo",1997.5.23,19.36,U,student,Japanese,63.6,1662,895,398,198,164,866,745,385,78.5,101,94,66,266,10.2,941,153,103,251,240.5,249,220,82,169,180,30,61,910,174,449,69,1670,83,14.8,14.4,1317,821,569,7.5,18,247,12.6,820,275,284,294,685,261,961
64,M,"Japan, JP,Tokyo",1997.5.26,19.75,U,student,Japanese,46.6,1609,827,360,191,158,788,648,305,77.5,89,88,60,247,12,915,144.5,91,225,226.5,235,218,74,162,169,28,57,806,164.5,425,59,1616,67,12.8,8.6,1279,758,464,8,2.5,240,8.2,788,242,254,285,656,239,942
65,M,"Japan, JP,Tokyo",1997.5.26,21.74,U,student,Japanese,55.6,1718,925,366,184,162,800,648,347,83,101.5,98,67,258,5.4,998,169,102,249,260,252,255,83,182,188,29,64,836,181.5,470,67,1726,83,15,5,1388,852,489,7.5,11.5,240,5.6,868,262,270,320,752,239,1035
67,M,"Japan, JP,Tokyo",1997.5.27,19.22,U,student,Japanese,55.4,1738,915,409,189,167,822,667,330,75,97,94,65,265,5.8,1000,159.5,101,247,256,242,241,83,177,189,29,65,878,186,461,65,1743,86,8.2,6.8,1386,839,491,11.5,7,244,5.8,871,258,277,329,752,236,1047
68,M,"Japan, JP,Tokyo",1997.5.27,20.15,U,student,Japanese,63.4,1723,914,387,184,163,843,767,352,73,96,93,71,272,8.8,985,159,100,244,258,265,243,80,181,190,30,59.5,927,188.5,464,69,1729,87,10.6,10,1383,846,550,1.5,14,238,13.2,866,274,288,330,741,283,1026
70,M,"Japan, JP,Tokyo",1997.5.27,19.2,U,student,Japanese,48.8,1641,880,387,182,154,777,635,312,76,91.5,93,64,259,4.2,962,150,94,232,241.5,237,222,83,178,180,27,63,817,173.5,449,69,1648,82,7.4,6.4,1329,808,459,5.5,5.5,225,5,826,242,254,296,695,230,992
72,M,"Japan, JP,Tokyo",1997.5.27,20.04,U,student,Japanese,56,1705,925,398,187,162,800,678,345,74.5,95,90,62,254,4.4,999,166.5,98.5,243,266,237,237,80,185,197,28,60.5,862,193.5,465,71,1717,77,9,5.2,1365,847,482,12.5,14,230,6,873,249,266,318,749,243,1038
73,M,"Japan, JP,Tokyo",1997.5.28,19.25,U,student,Japanese,59.8,1696,902,392,199,174,865,723,370,78,104,96,67,260,5,957,159,106,261,252,241,237,82,181,191,31,66,881,182,461,70,1701,85,10.2,5.8,1360,815,515,3.5,11,230,8.4,844,255,261,305,723,264,1000
75,M,"Japan, JP,Tokyo",1997.5.28,19.28,U,student,Japanese,58,1706,899,368,189,168,827,665,350,78.5,93,92,63,262,11,975,156,95,236,251,247,233,83,181,193,28,62,896,175,465,60,1712,79,7.6,7.4,1386,838,527,8,8,237,9.6,847,277,285,313,734,245,1011
76,M,"Japan, JP,Tokyo",1997.5.28,19.41,U,student,Japanese,64.6,1642,905,397,196,171,966,759,359,80.5,94.5,97,63,247,12.4,979,154.5,96,238,239.5,249,241,82,174,182,28,62.5,908,170.5,466,79,1647,82,16.6,22,1338,840,563,3.5,10.5,241,19.4,848,292,294,294,712,271,991
77,M,"Japan, JP,Tokyo",1997.5.28,21.51,U,student,Japanese,52,1749,950,393,180,157,828,656,318,82,98,94,64,276,4,1031,162,99,245,247.5,226,257,78,179,188,27,64,860,175.5,489,72,1758,86,7.8,4,1413,883,454,14,14.5,239,4.4,893,216,228,328,769,244,1061
78,M,"Japan, JP,Tokyo",1997.5.28,21.14,U,student,Japanese,51.8,1697,908,397,190,167,813,657,333,74,95,93,60,266,10,982,165,99.5,247,261,231,223,79,187,191,27,65,839,193,469,69,1709,82,7.6,5.8,1380,816,460,12.5,2,232,8,856,228,240,295,710,241,1033
79,M,"Japan, JP,Tokyo",1997.5.29,23.65,U,student,Japanese,50.2,1697,928,390,184,161,754,600,332,76.5,96,89,62,245,3.2,997,152,99,244,240,235,249,79,170,187,27,61.5,818,176,465,65,1703,75,7.4,6,1363,860,468,8.5,15,242,4.2,880,245,262,308,735,229,1022
80,M,"Japan, JP,Tokyo",1997.5.29,19.23,U,student,Japanese,47.6,1650,879,377,191,162,750,650,310,84.5,90.5,87,61,260,5.8,957,155,90.5,231,234,226,234,76,171,180,26,63,819,164.5,454,64,1657,79,12.2,4.4,1334,821,457,6,7.5,230,7.4,840,235,254,299,697,230,991
81,M,"Japan, JP,Tokyo",1997.5.29,19.67,U,student,Japanese,56,1728,887,390,185,162,805,680,320,80,92.5,91,63,290,8.4,975,155,94,235,246.5,237,237,77,179,189,26,63,891,172,452,64,1735,80,12.4,8.6,1371,807,492,-2,13.5,238,8.6,844,245,260,308,729,255,1018
82,M,"Japan, JP,Tokyo",1997.5.30,20.07,U,student,Japanese,64.4,1713,939,414,177,171,870,732,368,76,98,99,66,272,9.8,995,155.5,101,248,254,254,235,81,180,187,26,63,923,180.5,465,68,1719,84,12.2,9.4,1381,862,546,10,12.5,229,12.4,884,288,296,316,693,274,1033
83,M,"Japan, JP,Tokyo",1997.5.30,20.85,U,student,Japanese,56.6,1729,935,391,195,176,821,682,342,85,101.5,97,63,286,6.4,1009,183,101,257,273.5,237,249,81,190,198,27,68,873,192,479,70,1735,80,7.6,6.2,1393,866,496,9,8,247,7.4,871,240,243,310,751,264,1038
84,M,"Japan, JP,Tokyo",1997.5.30,19.44,U,student,Japanese,55,1659,859,399,194,154,835,679,342,76,94,91,60,262,7,934,147.5,97,243,235,244,226,80,176,188,29,60,870,171.5,440,68,1665,83,10.4,10.6,1329,801,475,9,13.5,232,7.4,825,248,256,292,691,237,991
85,M,"Japan, JP,Tokyo",1997.5.30,19.67,U,student,Japanese,54,1670,904,388,196,162,817,685,321,79,101.5,92,64,258,6.4,995,155,103,252,244,240,229,83,180,187,28,63,850,174.5,461,73,1679,83,10,12,1356,840,492,10.5,14.5,233,8,856,252,266,312,732,244,1015
86,M,"Japan, JP,Tokyo",1997.7.4,21.88,U,student,Japanese,54.8,1701,920,397,190,161,843,642,348,78,95,93,63,261,9,1003,157.5,97,242,243,237,249,85,179,193,27,62.5,868,178,470,69,1707,84,9.4,11.4,1382,861,496,5.5,12.5,239,8,871,239,255,314,737,244,1035
88,M,"Japan, JP,Tokyo",1997.6.18,20.05,U,student,Japanese,57.4,1694,935,400,189,161,833,670,350,77.5,99,101,63,256,6.4,1033,163.5,101.5,248,253.5,247,237,85,180,189,30,68.5,892,186,486,79,1700,90,6.4,4.6,1374,855,500,7,6.5,241,7.4,892,255,269,292,712,246,1042
89,M,"Japan, JP,Tokyo",1997.6.2,21.14,U,student,Japanese,46.6,1578,862,378,183,164,777,640,324,77,94,93,62,279,4.8,920,147,96.5,238,234,223,231,74,171,177,27,60.5,803,169.5,439,64,1585,79,10.6,5.6,1272,784,451,10,15,241,5,796,229,242,279,678,248,942
90,M,"Japan, JP,Tokyo",1997.6.2,20.06,U,student,Japanese,57.4,1649,901,392,189,163,795,683,366,80,96.5,98,65,254,9.2,971,158.5,98,241,244,242,230,82,171,186,29,66.5,897,176,458,70,1657,87,10,6,1343,809,532,8.5,10.5,231,6.2,853,254,258,294,705,263,999
91,M,"Japan, JP,Tokyo",1997.6.3,19.58,U,student,Japanese,67.6,1728,946,411,193,167,877,797,369,75.5,104,95,65,278,5,1026,163,107,263,257,258,243,87,185,189,28,66,911,190.5,478,75,1735,78,14,11.4,1397,863,532,14.5,14.5,239,6.2,886,263,275,311,741,285,1048
92,M,"Japan, JP,Tokyo",1997.6.3,25.05,U,student,Japanese,63.2,1725,937,415,202,161,905,776,351,81.5,95.5,95,67,275,8,1025,171,96.5,237,257,251,248,79,189,198,29,61.5,911,186,490,78,1737,86,18.2,10.2,1396,858,522,18,10.5,250,14.2,892,267,279,303,740,285,1031
93,M,"Japan, JP,Tokyo",1997.6.3,20.84,U,student,Japanese,59.2,1678,898,401,196,166,814,679,369,79,96,98,66,255,8.2,953,150,98,245,239,246,219,84,178,186,30,65.5,897,169.5,442,68,1683,83,11.2,11,1344,818,511,4.5,10,237,10,827,257,265,289,691,246,999
97,M,"Japan, JP,Tokyo",1997.6.4,27.12,U,student,Japanese,63,1677,908,410,194,169,871,757,359,75,95,95,63,269,6,981,149.5,98,246,238.5,252,228,79,171,177,27,66,894,175,459,71,1684,81,19.6,22.4,1354,834,529,4,8.5,237,9.8,849,279,283,303,704,267,995
98,M,"Japan, JP,Tokyo",1997.6.10,19.53,U,student,Japanese,65,1717,923,395,181,168,834,744,378,78,102,93,69,271,7.2,980,174.5,104,260,265.5,270,241,84,186,197,30,68.5,922,196.5,477,73,1725,86,11.4,9.8,1378,835,542,9,15,240,8.6,852,290,306,299,730,270,1026
99,M,"Japan, JP,Tokyo",1997.6.4,22.78,U,student,Japanese,73.2,1697,923,407,195,166,958,844,400,75,100,100,62,272,17.8,1000,161,103.5,254,251.5,277,225,79,179,187,29,67,964,189,471,64,1700,81,17.6,25.6,1379,850,585,10.5,10.5,247,17.2,875,312,319,319,725,308,1010
101,M,"Japan, JP,Tokyo",1997.6.4,19.35,U,student,Japanese,56.8,1718,938,396,185,154,800,662,336,80,98,99,66,276,7.8,1008,165,100,244,258,249,256,81,190,194,30,63.5,882,183,467,69,1722,83,10.2,6.2,1400,841,487,11,1,245,7,884,250,278,299,725,252,1025
102,M,"Japan, JP,Tokyo",1997.6.4,20.22,U,student,Japanese,61.4,1627,917,387,194,157,826,735,383,75.5,98,90,62,262,10.6,967,154,101,252,248.5,258,229,82,176,184,28,62,922,179.5,457,65,1635,75,17.6,12.2,1325,837,545,8.5,5,236,17.2,844,282,290,298,708,270,1004
106,M,"Japan, JP,Tokyo",1997.6.6,19.21,U,student,Japanese,56,1647,903,374,191,161,836,723,358,78,103.5,90,60,256,9,968,157.5,106,257,252,233,241,77,176,187,29,63.5,875,180,458,71,1656,78,9.6,11,1339,837,511,14.5,19.5,232,11.2,840,245,258,315,732,259,993
107,M,"Japan, JP,Tokyo",1997.6.6,20.02,U,student,Japanese,61.4,1685,921,414,206,157,849,687,387,76.5,106,93,68,272,5.2,1004,156.5,109.5,266,255.5,248,234,86,171,180,28,71,873,183,469,73,1691,83,8.2,4.2,1361,844,516,10.5,12,234,5.2,865,262,269,293,693,256,1009
108,M,"Japan, JP,Tokyo",1997.6.27,19.97,U,student,Japanese,60.4,1724,941,410,192,163,849,729,355,78,100,94,64,267,5.4,1009,165.5,102.5,252,259,249,246,83,189,195,28,64,882,188,476,69,1729,80,11,6.2,1381,868,509,2.5,10.5,248,6.8,892,252,278,320,744,276,1044
115,M,"Japan, JP,Tokyo",1997.6.10,19.32,U,student,Japanese,63.4,1700,934,404,179,164,853,745,370,79,105.5,90,67,275,9,995,163.5,107.5,258,262,255,244,87,187,192,28,66,917,185,469,64,1709,76,16.4,16.2,1373,854,541,9.5,22.5,236,10.4,868,283,295,320,745,268,1028
116,M,"Japan, JP,Tokyo",1997.6.10,24.91,U,student,Japanese,59.6,1728,925,399,192,165,863,694,344,78.5,96.5,97,65,287,5.6,998,167,98.5,248,260,255,233,83,183,184,29,67,904,186.5,474,78,1735,84,13.4,16.4,1392,837,525,10,2,240,8,845,263,269,321,732,259,1032
117,M,"Japan, JP,Tokyo",1997.6.10,19.53,U,student,Japanese,61.8,1696,899,400,185,167,839,750,368,77.5,100.5,92,64,295,15.4,977,161,103,247,253,247,239,78,185,186,30,61,919,184.5,467,75,1704,86,13,13.4,1367,840,549,12,12.5,242,24,844,279,280,306,729,280,1021
130,M,"Japan, JP,Tokyo",1997.6.13,20.26,U,student,Japanese,60.8,1705,925,402,202,157,850,742,357,78,98.5,93,62,273,6.2,1012,157,100.5,242,245,245,227,83,172,179,29,66.5,886,178.5,460,62,1710,80,11.2,9.8,1382,851,535,12,9.5,243,6.6,868,268,276,309,715,270,1021
131,M,"Japan, JP,Tokyo",1997.6.13,19.7,U,student,Japanese,56.2,1708,926,397,185,157,814,668,362,78.5,100.5,95,66,262,5.8,1001,154.5,102.5,251,246.5,238,233,81,171,183,28,63,858,176,461,65,1713,81,10.4,5.4,1383,847,494,12,12,237,6.2,867,253,275,299,702,252,1041
132,M,"Japan, JP,Tokyo",1997.6.13,19.67,U,student,Japanese,62,1725,935,399,199,164,847,759,348,78,97,94,63,295,10.4,1018,161,99,247,253.5,252,233,82,172,182,29,65,902,182,480,75,1730,88,11,12.2,1394,872,530,6,8.5,244,10.4,881,265,281,302,718,280,1033
139,M,"Japan, JP,Tokyo",1997.7.11,19.9,U,student,Japanese,66.8,1700,933,400,190,155,849,730,378,79,102.5,99,65,275,8.8,1010,171,104.5,253,269,249,252,88,188,193,28,67,955,192,475,70,1709,84,14.4,22.2,1394,873,559,8,13,239,17.6,878,268,282,311,746,269,1044
140,M,"Japan, JP,Tokyo",1997.6.17,19.52,U,student,Japanese,52.8,1675,900,388,185,165,777,640,345,78,97.5,91,66,262,6,978,162,100,253,253.5,247,240,82,179,183,27,61,844,184,446,66,1683,83,8.8,8.6,1345,808,489,14.5,4.5,239,8.2,836,259,265,301,718,234,993
141,M,"Japan, JP,Tokyo",1997.6.17,19.89,U,student,Japanese,44.2,1655,880,374,180,152,809,618,307,78.5,94,92,61,273,7.6,950,150.5,96,235,238.5,217,229,75,171,179,27,55,812,170,446,67,1663,80,9.8,9,1325,811,446,10.5,13,232,8.4,834,214,225,296,696,228,997
148,M,"Japan, JP,Tokyo",1997.6.18,19.68,U,student,Japanese,50.2,1683,884,392,189,161,793,641,330,76.5,99.5,93,60,263,6,972,168.5,102,253,269.5,235,219,78,185,193,28,65.5,832,193,453,69,1690,83,10,6,1356,798,458,12.5,1,249,6.8,839,230,241,294,691,228,1021
149,M,"Japan, JP,Tokyo",1997.6.17,19.7,U,student,Japanese,50.8,1605,821,356,191,165,747,640,349,75,96.5,92,61,256,12,922,157.5,99.5,245,250.5,234,229,82,176,181,26,65.5,873,184,433,66,1612,73,12.8,10.8,1278,762,484,12.5,1,249,18,789,248,255,281,681,236,939
150,M,"Japan, JP,Tokyo",1997.7.11,21.1,U,student,Japanese,63.2,1646,885,375,180,158,885,722,383,79.5,104,92,62,278,10.2,962,160,106,264,258,252,236,84,183,191,29,65,910,179.5,451,69,1652,79,17.2,22,1333,838,538,10,10.5,234,10.6,832,285,292,301,721,270,992
154,M,"Japan, JP,Tokyo",1997.6.20,21.61,U,student,Japanese,65.6,1764,946,415,193,166,871,678,379,68,101,100,66,289,8.2,1042,159.5,109,267,272,265,249,84,189,198,33,69.5,918,201,484,74,1779,80,14.8,9.6,1416,872,546,7.5,5.5,245,8.2,892,256,272,300,740,250,1065
156,M,"Japan, JP,Tokyo",1997.7.4,19.32,U,student,Japanese,59.2,1691,934,399,180,164,860,673,368,75.5,102.5,96,64,273,7.2,1005,160,106,260,255.5,244,241,81,175,186,29,62.5,871,187.5,466,72,1698,87,11.4,6.6,1374,855,497,10,15,248,7,863,271,290,318,740,249,1034
176,M,"Japan, JP,Tokyo",1997.6.27,19.5,U,student,Japanese,61.8,1689,910,422,181,170,854,726,360,79.5,102,99,65,275,5,978,160.5,104,256,254,246,240,83,185,185,27,65,901,180,453,60,1700,81,8.6,6.8,1348,852,522,7,9.5,243,5.2,848,252,265,308,714,271,1012
177,M,"Japan, JP,Tokyo",1997.6.27,19.43,U,student,Japanese,48.4,1615,839,367,186,158,787,643,325,82,96.5,90,61,276,6.8,917,156,98,243,243.5,231,236,81,179,187,28,61,843,170.5,425,63,1624,72,9.6,6.8,1295,781,463,9.5,9.5,241,7.4,797,230,249,280,683,248,953
199,M,"Japan, JP,Tokyo",1997.7.4,19.98,U,student,Japanese,53.6,1680,911,399,185,162,793,672,342,78,101.5,93,67,285,4.2,1024,164,103.5,252,252.5,243,256,84,180,188,28,63,865,186,462,71,1688,79,9,5.4,1358,868,479,5.5,19.5,235,6.2,876,244,268,316,740,258,1033
200,M,"Japan, JP,Tokyo",1997.7.4,19.32,U,student,Japanese,59,1724,953,390,190,156,825,658,371,77.5,105,95,69,255,5.8,1039,164,108,261,261.5,244,240,82,188,204,30,65.5,861,188.5,480,66,1733,84,11.8,7,1401,892,500,8,23.5,243,6.8,902,259,270,312,743,239,1061
201,M,"Japan, JP,Tokyo",1997.7.4,20.02,U,student,Japanese,59.2,1727,936,391,192,160,840,693,357,76.5,105.5,95,65,281,7.2,1005,162,108.5,261,258,250,252,86,191,191,27,65.5,889,188,464,73,1733,86,10.2,9.6,1381,877,511,11,23,249,8.6,862,255,272,307,747,259,1026
217,M,"Japan, JP,Tokyo",1997.7.4,19.79,U,student,Japanese,62.4,1653,874,402,190,164,875,709,382,72.5,108.5,91,67,250,6.8,948,158.5,114,268,270.5,250,231,83,186,198,29,66,902,193.5,449,72,1659,83,22,21.8,1337,834,553,11,14.5,249,11,831,269,279,281,703,263,993
219,M,"Japan, JP,Tokyo",1997.6.13,23.15,U,student,Japanese,54.6,1625,879,385,184,168,810,685,363,79,94.5,93,65,264,10.2,957,149.5,96.5,242,233,244,231,76,165,175,27,60.5,863,169.5,445,72,1630,83,17,20.4,1326,790,511,2.5,10.5,225,12.4,822,260,274,290,687,244,1017
223,M,"Japan, JP,Tokyo",1997.7.11,19.93,U,student,Japanese,59.6,1735,962,399,190,162,845,664,372,78.5,101.5,86,65,263,8.2,1027,160,103.5,255,257,245,255,80,181,192,29,68,885,182,477,74,1743,87,10,6.6,1398,884,492,9,15.5,252,7.4,902,261,280,307,743,248,1059
224,M,"Japan, JP,Tokyo",1997.7.11,19.85,U,student,Japanese,48.8,1696,916,373,180,158,747,635,322,76,90,88,61,240,7,1003,148,93,227,237.5,222,233,74,175,181,25,61,824,171,453,66,1700,77,9,11.8,1374,853,467,1,7.5,235,7.4,856,221,234,306,709,227,1015
226,M,"Japan, JP,Tokyo",1997.7.11,19.65,U,student,Japanese,48,1609,842,393,185,160,799,622,318,79,89,84,61,272,6.6,916,147,91,227,229.5,232,226,77,166,174,28,62,813,164.5,420,65,1615,80,12.2,7,1281,781,449,4,13,237,7.4,788,246,255,274,670,235,969
227,M,"Japan, JP,Tokyo",1997.7.11,20.2,U,student,Japanese,58.4,1649,884,393,191,162,841,728,354,81,98,92,62,271,10.2,946,158,100,247,247.5,237,238,78,174,182,27,64.5,887,174,441,71,1658,83,12,23,1323,830,530,2,11,248,14.2,816,264,272,287,692,272,975
228,M,"Japan, JP,Tokyo",1997.7.11,19.67,U,student,Japanese,57.2,1690,889,395,185,165,827,690,356,76,106,92,67,275,6.2,980,158,109,261,253.5,246,239,88,182,185,29,66.5,875,180.5,447,72,1705,83,9.2,7.2,1376,840,490,8,18,250,7.2,850,257,272,289,695,244,1009
238,M,"Japan, JP,Tokyo",1997.10.8,20.07,U,student,Japanese,59.4,1695,938,410,188,149,864,719,340,76.5,99,92,66,256,5.2,1002,155,103,247,250,260,249,83,180,185,31,63,869,179.5,467,67,1699,82,10.4,5.8,1361,873,520,11.5,10,241,7.2,863,271,301,291,720,255,1033
239,M,"Japan, JP,Tokyo",1997.10.8,19.81,U,student,Japanese,47.6,1636,866,378,175,156,796,621,328,72.5,91,93,63,249,4.4,938,149,95,235,245,230,227,76,175,184,28,60.5,811,178,450,62,1639,80,8.6,5.2,1312,815,467,3,10.5,239,5.2,814,243,261,286,700,213,994
240,M,"Japan, JP,Tokyo",1997.10.8,20.23,U,student,Japanese,54.6,1670,913,403,187,161,803,673,361,75.5,105,92,65,257,6.4,974,156,108,265,259,240,240,84,179,185,30,69,878,184,462,62,1673,84,10,9,1349,860,500,5,10.5,237,9.6,855,241,264,277,695,243,1020
241,M,"Japan, JP,Tokyo",1997.10.8,25.48,U,student,Japanese,66.4,1668,900,404,191,166,904,785,394,70.5,94.5,94,67,288,10.2,985,152,100,244,246,261,241,77,174,182,28,64,940,185,435,57,1674,80,19.2,17,1327,849,559,10,9,238,14,860,294,307,300,713,283,990
22,F,"Japan, JP,Tokyo",1997.5.12,19.77,U,student,Japanese,60.8,1665,873,355,175,152,865,699,361,80,92,90,59,278,15.6,976,152.5,93,237,236.5,235,215,74,170,175,25,63.5,950,169.5,448,67,1669,76,19,23.4,1346,813,588,15,8,221,18.4,820,275,280,289,672,237,1028
23,F,"Japan, JP,Tokyo",1997.5.12,19.76,U,student,Japanese,58,1663,886,365,192,147,826,669,366,78,95,90,54,293,14,980,152,97,245,241,219,218,74,172,180,26,63,950,173,447,69,1667,79,20.6,22,1348,821,555,13.5,8,226,15,840,249,255,305,690,245,1038
24,F,"Japan, JP,Tokyo",1997.5.12,19.86,U,student,Japanese,60,1640,860,376,186,148,890,682,373,81,94,96,59,285,16.8,952,140,95,235,218.5,239,222,75,157,171,29,56,947,155,434,62,1644,80,17.2,23.6,1314,785,570,14,12,234,20.2,814,271,275,292,672,246,993
28,F,"Japan, JP,Tokyo",1997.5.13,23.18,U,student,Japanese,57.6,1678,894,384,186,159,848,666,361,80.5,93,94,62,279,12.4,981,160.5,94.5,236,253,227,230,77,177,189,27,62,960,176.5,458,62,1682,85,19.4,14.6,1342,811,524,6.5,10,239,16,850,251,265,297,708,236,1054
29,F,"Japan, JP,Tokyo",1997.5.13,19.74,U,student,Japanese,55.2,1661,9999,374,178,158,803,612,360,80.5,90.5,87,57,272,15,989,156,92,229,240,220,235,71,170,180,24,61.5,927,171,453,61,1664,77,11.2,17.2,1347,838,554,7,10,224,14.2,850,243,246,318,724,221,1046
30,F,"Japan, JP,Tokyo",1997.5.13,19.42,U,student,Japanese,62,1730,947,390,184,159,850,660,361,76.5,88.5,87,59,287,12.6,1042,161,91,230,257,240,241,9999,188,202,29,64.5,955,183,478,66,1735,84,24.2,11.2,1405,874,571,0,1.5,239,18.4,883,275,286,302,736,225,1095
31,F,"Japan, JP,Tokyo",1997.7.2,20.4,U,student,Japanese,63,1669,883,361,187,154,820,678,379,80,92.5,94,58,299,20.2,990,156,94,234,243.5,237,218,77,177,184,25,68.5,897,172.5,440,60,1674,75,17,25.4,1345,817,584,18,2.5,233,16.2,836,270,270,297,690,241,1030
32,F,"Japan, JP,Tokyo",1997.7.15,20.72,U,student,Japanese,49.4,1574,857,372,181,151,816,620,349,75.5,92.5,89,56,273,12.8,937,149,96,235,230,225,217,71,175,180,23,61,914,173,426,63,1581,74,18.8,30,1278,787,523,11,9,234,15.6,792,251,255,280,662,234,994
33,F,"Japan, JP,Tokyo",1997.5.14,19.26,U,student,Japanese,54.4,1688,913,373,180,162,846,646,337,79,89.5,96,62,287,13.4,1014,154,90.5,232,239,227,236,77,170,180,26,57.5,902,171.5,459,61,1694,80,12.4,20.4,1380,833,534,11.5,11,223,18.4,870,250,261,312,723,232,1056
34,F,"Japan, JP,Tokyo",1997.5.14,19.43,U,student,Japanese,60,1658,919,388,179,154,903,685,372,81,93,94,60,264,16.2,1015,163.5,94,240,244,231,238,75,172,187,28,62.5,916,178.5,479,73,1662,81,30.4,19.2,1358,853,549,11,14,225,23,874,275,279,303,714,252,1036
35,F,"Japan, JP,Tokyo",1997.5.14,19.56,U,student,Japanese,54,1666,895,364,179,164,799,634,339,81.5,92,91,59,286,10.6,993,155.5,92.5,230,237,229,236,74,175,184,26,59,934,169.5,449,65,1669,73,15.6,14.6,1355,825,525,14,14,230,15.6,844,235,245,311,718,220,1053
36,F,"Japan, JP,Tokyo",1997.5.14,19.33,U,student,Japanese,48,1655,902,372,174,150,777,624,326,75,94,88,57,280,8,987,149.5,97.5,239,245,210,225,71,178,187,25,61,869,174.5,459,69,1658,83,8,14.4,1335,833,501,5.5,16.5,227,8,876,225,230,299,704,226,1059
37,F,"Japan, JP,Tokyo",1997.5.15,19.39,U,student,Japanese,67.8,1671,908,399,179,164,915,730,388,80,94,91,59,306,18.2,1022,164,95.5,243,255,231,247,71,179,189,27,65,1034,181,467,58,1675,70,21,25.4,1360,862,624,8.5,0,225,21.2,854,281,290,305,724,269,1028
38,F,"Japan, JP,Tokyo",1997.5.15,20.53,U,student,Japanese,46.2,1641,859,365,174,155,780,591,321,79,90.5,87,57,286,15.6,947,148.5,92.5,231,231,221,224,75,172,175,24,58.5,857,166.5,437,60,1645,76,8.2,14.2,1320,775,477,13.5,14,229,13.2,811,225,234,288,680,212,1028
39,F,"Japan, JP,Tokyo",1997.5.15,20.48,U,student,Japanese,41.6,1440,730,304,177,160,781,595,313,79.5,84,83,51,246,10.4,815,141,85,213,219,216,200,66,155,162,24,58,840,157,372,58,1445,66,10.8,17,1143,685,508,6,-4,221,12,709,222,224,264,617,222,882
94,F,"Japan, JP,Tokyo",1997.6.5,19.54,U,student,Japanese,58.2,1616,885,373,187,156,839,695,366,79.5,95,89,58,275,17,974,158,96.5,240,244,237,222,78,170,188,27,63.5,929,176,443,62,1621,78,21,26.2,1303,807,558,6.5,13,222,23.4,839,279,284,300,707,254,1029
95,F,"Japan, JP,Tokyo",1997.7.15,19.84,U,student,Japanese,50.2,1577,839,350,188,152,805,624,356,78,84.5,87,55,276,16,915,143.5,86.5,220,225,230,205,74,166,173,27,60,897,161.5,419,62,1580,80,18.8,24.6,1275,773,509,8,-6,233,17.6,794,242,249,277,648,214,967
96,F,"Japan, JP,Tokyo",1997.6.3,20.1,U,student,Japanese,76.4,1617,819,370,182,157,1075,937,395,82,96.5,101,62,323,24.8,952,162,97,236,245.5,266,222,74,172,185,27,66,1053,176,437,60,1623,69,37.8,38.4,1298,794,636,8,13,237,34.4,827,343,338,301,689,348,952
103,F,"Japan, JP,Tokyo",1997.6.5,22.51,U,student,Japanese,64.8,1553,825,384,175,158,894,775,413,80,91.5,99,62,293,15.4,913,154.5,93,231,238,259,225,71,170,183,27,58.5,1019,171,424,58,1559,75,25.4,30,1248,751,618,18,12.5,234,28.4,804,305,313,282,678,281,984
104,F,"Japan, JP,Tokyo",1997.6.5,19.41,U,student,Japanese,51.2,1600,838,348,188,150,825,649,340,72.5,90,88,59,279,9.4,938,144.5,94,230,239.5,228,207,70,168,180,27,59.5,908,173,432,66,1604,77,15.8,14.4,1288,787,519,18,6.5,215,20.4,802,241,247,292,679,233,976
105,F,"Japan, JP,Tokyo",1997.6.5,20,U,student,Japanese,45.2,1540,826,349,177,153,770,642,320,85,87.5,83,57,261,11.8,926,146,87.5,215,221,221,220,71,166,174,9999,56,870,154,420,60,1546,75,12.4,21.2,1240,770,512,5,13,224,13.6,787,225,230,298,674,230,970
109,F,"Japan, JP,Tokyo",1997.6.6,20.1,U,student,Japanese,62.2,1584,866,397,182,155,992,750,348,76,88,97,61,300,18.8,955,149,91,228,237.5,250,217,75,169,182,27,59,980,171.5,431,69,1589,76,26.4,32.2,1285,803,564,8.5,8,220,23.6,826,279,281,289,676,267,1009
110,F,"Japan, JP,Tokyo",1997.6.6,19.19,U,student,Japanese,48.8,1598,880,357,186,151,800,627,325,79,85.5,90,60,262,16.4,944,149,87,217,224.5,230,230,73,163,172,24,62,879,162,443,64,1603,70,20.4,30,1295,800,504,18,-6,224,20.4,820,250,255,288,679,227,1027
111,F,"Japan, JP,Tokyo",1997.6.6,19.74,U,student,Japanese,47.2,1565,845,343,187,153,775,599,335,76,93,89,53,274,12.6,928,145.5,95,232,232.5,211,222,71,164,169,26,61,870,169.5,436,60,1572,71,12.2,12.8,1256,780,512,12.5,15.5,231,7.4,781,223,237,294,674,218,980
112,F,"Japan, JP,Tokyo",1997.6.9,19.33,U,student,Japanese,58.6,1635,882,377,176,161,875,682,389,79,97,97,59,276,11,969,157.5,99,244,246,231,218,80,178,186,28,65.5,941,177,440,67,1639,80,18.8,22.6,1315,803,543,9,13.5,233,16.6,827,266,269,292,692,258,1003
113,F,"Japan, JP,Tokyo",1997.6.9,21.89,U,student,Japanese,45.6,1526,818,345,179,148,800,628,330,78,88.5,85,51,262,15.2,896,137.5,90,223,221,216,208,69,160,167,25,57.5,880,156.5,410,55,1534,69,19,29.2,1219,752,525,6.5,9.5,223,17.2,757,237,240,267,635,227,949
114,F,"Japan, JP,Tokyo",1997.6.9,19.74,U,student,Japanese,50.4,1545,827,349,177,155,804,650,355,82,88,93,54,267,14.6,913,141.5,88.5,220,221.5,221,210,69,155,166,25,56.5,929,154.5,414,58,1549,72,16.8,14.8,1243,785,544,12.5,0,226,15.6,786,250,255,284,642,243,952
118,F,"Japan, JP,Tokyo",1997.7.14,20.12,U,student,Japanese,54,1623,871,374,180,159,813,646,350,76,103,95,63,280,11.6,970,158,106,256,251,230,239,80,180,194,26,65,902,184,442,71,1632,85,13.4,16.8,1300,812,529,11.5,13.5,241,15.2,822,241,248,285,698,225,997
119,F,"Japan, JP,Tokyo",1997.6.10,19.88,U,student,Japanese,53.6,1450,769,344,175,161,861,687,350,77.5,87,92,54,249,17.4,842,136.5,89.5,225,217,235,201,74,147,158,27,58.5,955,156.5,376,60,1455,74,36.2,32.2,1180,693,573,8,13,220,21,713,272,280,256,605,240,917
120,F,"Japan, JP,Tokyo",1997.6.10,19.76,U,student,Japanese,53.4,1511,805,359,171,144,847,678,343,78,91.5,93,57,272,18.4,883,149.5,93.5,230,233.5,231,211,74,167,170,27,61.5,932,169,395,64,1519,76,25.4,32.4,1223,744,555,10.5,11,218,23.2,741,265,270,259,627,258,916
121,F,"Japan, JP,Tokyo",1997.6.11,19.61,U,student,Japanese,47.2,1501,769,347,184,156,825,617,345,80,85,89,53,270,13.2,864,141,86.5,218,218,219,185,72,155,162,25,59,891,156,397,57,1506,71,22.2,23.8,1206,708,543,14.5,4.5,232,19,730,250,252,255,653,216,922
122,F,"Japan, JP,Tokyo",1997.6.11,19.22,U,student,Japanese,57.4,1575,867,361,182,160,860,704,354,84,93.5,85,56,282,20.2,955,154,94,238,233,235,221,76,172,183,27,62.5,960,164,437,63,1579,75,26,27.6,1275,787,580,13.5,17.5,230,22.4,822,259,266,306,704,260,1013
123,F,"Japan, JP,Tokyo",1997.6.11,19.82,U,student,Japanese,43.4,1546,823,347,180,151,729,599,327,79,89.5,82,54,265,10.8,915,143,91,227,227,212,208,67,159,168,25,56,857,160.5,410,60,1550,77,14.8,20.2,1248,769,487,6.5,12,222,14.8,785,232,235,275,645,212,955
125,F,"Japan, JP,Tokyo",1997.6.12,19.56,U,student,Japanese,53.2,1552,826,375,187,156,820,629,370,77,95,96,58,269,12,914,151.5,97,241,237.5,237,212,77,172,185,27,61,921,174,425,68,1555,80,14.6,16,1247,762,559,5,10.5,237,12.6,765,248,261,285,661,239,953
126,F,"Japan, JP,Tokyo",1997.6.16,19.29,U,student,Japanese,57.4,1636,888,373,175,166,844,657,362,78,98.5,95,59,302,20.6,999,165,100.5,242,257,238,237,80,176,191,28,62,946,187,456,67,1647,76,16,23.2,1328,836,550,16.5,9.5,238,14,847,242,249,304,719,242,1047
127,F,"Japan, JP,Tokyo",1997.6.12,19.72,U,student,Japanese,50,1629,874,367,175,161,777,632,326,81,90,90,56,272,15,975,156,91,225,239,219,232,72,176,180,27,61,892,171,441,67,1637,79,18.4,18.6,1315,807,512,11,5,228,21.2,816,225,234,302,707,232,1025
129,F,"Japan, JP,Tokyo",1997.6.12,20.19,U,student,Japanese,55,1606,868,358,181,153,846,697,354,78.5,94,88,58,267,15.4,946,149,96,236,235,227,222,73,169,181,26,60,926,168.5,429,70,1610,80,19.4,29.2,1303,810,554,7.5,13.5,230,16.6,806,262,263,282,673,247,996
133,F,"Japan, JP,Tokyo",1997.6.13,19.29,U,student,Japanese,37.8,1513,798,331,182,148,736,546,308,74,76.5,80,53,254,10.6,873,134.5,79.5,9999,214,194,215,69,163,168,23,55.5,812,157,395,59,1520,70,8.6,13.4,1215,737,457,7.5,-2.5,220,7.2,738,205,205,267,644,199,937
134,F,"Japan, JP,Tokyo",1997.6.13,19.33,U,student,Japanese,53.6,1578,851,361,171,151,883,726,333,79,86,85,59,271,14.6,929,141.5,88,217,226,239,218,69,162,166,26,59,896,159.5,420,68,1588,71,22,29,1285,776,514,8.5,7.5,227,21.8,803,264,269,284,663,264,982
135,F,"Japan, JP,Tokyo",1997.6.13,19.9,U,student,Japanese,60.4,1610,854,369,182,157,834,680,368,72,93,98,60,287,22.2,954,146.5,98,242,240.5,255,229,75,169,180,27,61.5,971,177.5,440,66,1617,80,26.4,28.4,1294,776,587,16,10,235,27,816,293,299,278,670,249,1010
136,F,"Japan, JP,Tokyo",1997.6.16,19.43,U,student,Japanese,48,1585,853,357,186,146,812,618,343,76,93,80,58,262,8.6,935,145.5,96.5,228,232.5,224,216,72,170,171,25,60.5,851,169.5,426,65,1590,68,17.2,19.2,1269,809,508,17,5,233,16.2,796,245,248,272,653,221,983
137,F,"Japan, JP,Tokyo",1997.6.16,20.01,U,student,Japanese,50.6,1540,815,354,184,156,802,643,333,72,88.5,89,59,267,19.8,886,136,93.5,230,223.5,226,201,75,160,169,25,60,938,165,417,63,1547,75,24.2,30.6,1232,746,561,8.5,6,232,18.2,762,261,267,271,632,232,956
138,F,"Japan, JP,Tokyo",1997.6.24,20.17,U,student,Japanese,51,1551,830,349,180,157,797,630,327,78,92,85,56,265,17.4,897,140,94,233,224,222,204,71,155,166,25,61,934,160,424,61,1555,73,18.4,25.8,1252,766,548,7,11,235,17.4,770,255,255,280,634,226,975
142,F,"Japan, JP,Tokyo",1997.6.17,19.71,U,student,Japanese,54.2,1533,818,356,180,154,842,661,369,74.5,84,94,58,259,28.4,906,138.5,87,215,218,242,217,74,155,163,26,60.5,909,162,405,57,1537,69,28.2,37.4,1242,772,571,16.5,-5,229,24.2,782,279,281,277,642,230,968
143,F,"Japan, JP,Tokyo",1997.6.26,19.61,U,student,Japanese,62.6,1585,858,375,184,152,875,681,398,76,97.5,93,61,280,17.6,944,147.5,100,243,242.5,249,208,79,179,191,27,64,997,172.5,436,59,1590,79,24.2,25.8,1278,801,608,10,13,238,22.6,797,286,289,285,685,259,981
145,F,"Japan, JP,Tokyo",1997.6.18,20.18,U,student,Japanese,55.8,1529,812,352,181,169,850,677,384,75,97,92,54,270,11.4,912,146.5,101,242,237,227,218,74,166,176,25,63,953,173,420,61,1535,76,24.8,29.6,1217,759,553,10,21.5,247,18.6,773,257,264,261,647,248,941
146,F,"Japan, JP,Tokyo",1997.6.26,20.17,U,student,Japanese,63.2,1638,913,369,182,151,853,674,385,81,96,95,59,282,17.2,986,152,97,251,241.5,246,241,81,177,185,26,65,971,167.5,460,70,1645,86,22.4,30.2,1316,860,615,12.5,10,238,24.4,835,275,281,290,705,241,1035
147,F,"Japan, JP,Tokyo",1997.6.18,20.11,U,student,Japanese,50.2,1575,837,356,174,161,816,642,339,78,88.5,85,52,262,18,940,141.5,90.5,219,224,211,209,71,159,167,23,56,880,160.5,423,61,1581,73,18.4,27.6,1274,781,534,10,10.5,234,19.4,790,246,251,275,641,216,983
151,F,"Japan, JP,Tokyo",1997.6.30,19.62,U,student,Japanese,62,1555,838,370,174,156,935,763,381,76,95.5,95,60,285,22.6,952,147,94,230,231,235,213,71,165,179,25,62,953,170,409,57,1561,70,32,36.6,1266,764,578,1.5,13,232,23,785,277,277,300,666,264,988
157,F,"Japan, JP,Tokyo",1997.6.30,19.95,U,student,Japanese,54.8,1511,799,355,189,150,855,696,347,77.5,93,94,55,275,22.2,910,145.5,95,234,235,228,207,74,164,177,27,63.5,947,166.5,404,55,1515,74,22.8,37.6,1226,748,580,15.5,3,234,26,761,279,284,252,623,244,939
158,F,"Japan, JP,Tokyo",1997.6.20,20.03,U,student,Japanese,45.2,1540,822,355,172,152,784,664,332,73.5,81.5,97,56,294,11.4,927,141.5,85,210,228,224,208,71,162,173,25,58,877,165.5,412,58,1549,69,17.2,38.4,1241,773,492,8,8,235,19.2,772,228,234,273,638,241,956
159,F,"Japan, JP,Tokyo",1997.6.20,19.53,U,student,Japanese,59.8,1630,869,382,175,158,855,725,364,76.5,94.5,94,55,300,18.4,956,157.5,97,238,248.5,224,218,75,176,184,24,64,974,180.5,433,61,1637,71,16.4,30.2,1328,783,573,14.5,7,239,19,836,263,265,277,674,259,1043
160,F,"Japan, JP,Tokyo",1997.6.24,19.34,U,student,Japanese,47.4,1520,789,331,175,155,825,626,331,78,86.5,87,56,270,18.4,894,132,88,222,209.5,213,205,70,146,154,24,60,900,151.5,396,60,1524,75,16.6,32.4,1229,734,555,6.5,12.5,225,16.4,745,245,249,267,611,230,925
163,F,"Japan, JP,Tokyo",1997.6.24,22.18,U,student,Japanese,37.2,1542,828,324,171,153,678,543,305,77,87.5,81,54,267,6.2,921,139.5,89.5,221,218.5,200,217,69,161,167,24,54,777,160.5,418,64,1546,72,10.4,14,1250,764,458,11.5,12,224,10,777,212,215,265,642,195,962
164,F,"Japan, JP,Tokyo",1997.7.7,20.11,U,student,Japanese,50.6,1569,845,359,174,150,852,623,347,74,87,83,55,263,14,910,140,90,221,223.5,220,213,71,160,166,24,61,892,165.5,420,59,1574,74,24,25.8,1258,783,544,8.5,10,224,16.8,782,248,250,269,643,227,975
165,F,"Japan, JP,Tokyo",1997.6.24,21.82,U,student,Japanese,46.8,1543,817,349,190,158,796,648,319,76.5,91.5,87,57,278,8.4,915,151,94,235,236,225,206,75,170,181,26,58,880,173,413,68,1550,81,13.2,18.6,1231,758,505,10,9,238,13.2,765,239,252,269,644,243,956
166,F,"Japan, JP,Tokyo",1997.6.25,20.2,U,student,Japanese,55.8,1547,878,361,180,149,881,692,367,76,97.5,86,53,277,13.2,926,144,100.5,252,233,233,223,75,162,171,26,63.5,911,169,433,63,1558,77,19.4,28.8,1269,807,584,4.5,10,227,14.4,803,261,263,291,676,245,996
167,F,"Japan, JP,Tokyo",1997.6.25,20.15,U,student,Japanese,44.8,1538,844,342,175,164,787,641,315,76.5,87,82,54,271,12.4,935,141.5,90,214,225,212,218,73,172,180,23,56.5,875,163,417,59,1545,70,18.4,21.6,1253,789,490,14.5,10.5,233,19.4,795,224,229,288,668,234,985
168,F,"Japan, JP,Tokyo",1997.6.11,19.47,U,student,Japanese,50.4,1634,881,364,189,162,803,631,349,79,87,90,55,269,18.2,985,150,88.5,227,236.5,215,227,74,173,183,26,63,916,167,456,70,1639,86,16,20.8,1323,831,520,6.5,6.5,239,10.4,851,223,236,293,689,228,1039
169,F,"Japan, JP,Tokyo",1997.6.25,19.65,U,student,Japanese,58,1575,842,351,185,158,874,676,376,78,89,90,59,288,15,953,145.5,92,231,233,238,213,74,172,178,26,60.5,940,165,414,59,1579,77,23,32.8,1270,776,568,8.5,12,236,23.4,782,272,281,278,666,249,979
170,F,"Japan, JP,Tokyo",1997.6.25,19.78,U,student,Japanese,56.2,1619,851,375,194,151,838,675,358,80,93,92,60,274,17,954,156,94.5,242,246.5,244,232,78,176,177,29,61.5,933,178.5,435,64,1625,80,19,22.6,1300,795,558,5.5,0,243,20,806,259,261,282,676,239,1029
171,F,"Japan, JP,Tokyo",1997.6.25,19.39,U,student,Japanese,48.4,1606,873,352,179,152,820,613,324,78,89.5,83,60,268,10.2,952,149,92,222,235.5,224,224,75,161,174,23,56,878,168.5,439,63,1610,70,18,24.6,1304,793,500,15.5,10.5,223,15.4,822,235,245,288,680,228,1024
172,F,"Japan, JP,Tokyo",1997.6.11,20.06,U,student,Japanese,57.8,1523,796,356,189,154,890,676,384,76,94,98,61,271,18.8,896,137,95.5,236,221,243,197,73,157,166,27,59,928,160.5,403,62,1527,69,26.8,31.4,1220,731,582,10.5,12,231,21.2,757,280,280,270,625,252,930
173,F,"Japan, JP,Tokyo",1997.6.26,20.78,U,student,Japanese,46.2,1608,864,363,178,154,790,600,322,75,91.5,83,57,268,8.2,954,151,95,235,241.5,216,210,75,176,188,24,58,870,176.5,425,61,1614,80,14.2,13,1297,801,502,12,9.5,232,10.4,811,227,236,274,668,223,998
179,F,"Japan, JP,Tokyo",1997.7.7,24.33,U,student,Japanese,49.8,1511,819,371,182,157,865,675,318,79.5,88,84,50,269,15,907,140.5,90,219,222.5,211,220,74,163,171,24,59.5,929,158,406,59,1516,70,23.8,35.6,1211,747,545,11,6.5,235,23.6,768,243,247,272,659,245,948
180,F,"Japan, JP,Tokyo",1997.6.27,19.69,U,student,Japanese,67.8,1607,872,368,192,161,945,797,378,79.5,97.5,96,62,319,19.6,972,150,99,239,235.5,256,218,77,172,184,27,63,1004,168.5,436,63,1613,80,31.4,38.4,1303,805,590,2.5,13.5,243,23.2,811,297,297,294,697,261,1043
181,F,"Japan, JP,Tokyo",1997.6.30,19.77,U,student,Japanese,55.2,1581,858,355,177,168,845,685,365,78.5,92.5,93,58,271,24.2,939,152,94.5,238,241.5,240,226,75,165,177,27,61,923,171.5,430,62,1584,78,29.8,30.4,1270,790,547,7.5,10,233,31,797,283,285,260,654,240,997
183,F,"Japan, JP,Tokyo",1997.6.30,19.94,U,student,Japanese,56,1555,833,363,188,155,843,661,381,76.5,101.5,86,59,278,16.6,927,152,104,255,240,233,212,77,167,178,27,67.5,964,177,413,63,1560,78,20.8,26.2,1259,778,550,16.5,14,224,18,782,245,259,276,644,230,978
184,F,"Japan, JP,Tokyo",1997.7.1,19.49,U,student,Japanese,58.4,1551,829,384,187,162,920,710,348,75.5,94.5,88,52,278,17.6,927,143.5,97,236,232,226,210,73,161,174,24,63,970,168,426,58,1558,68,36.6,31.8,1250,780,571,14.5,11,238,20.4,786,276,278,277,644,247,983
185,F,"Japan, JP,Tokyo",1997.7.1,21.47,U,student,Japanese,51.6,1632,916,383,185,161,810,625,329,78.5,89,83,56,293,13.4,1003,167,90.5,222,245,215,240,73,171,185,24,60,892,185,450,57,1638,71,14.4,22.6,1345,855,512,13.5,14,231,15.6,856,239,244,297,712,229,1040
187,F,"Japan, JP,Tokyo",1997.7.1,21.31,U,student,Japanese,49.4,1626,896,362,186,150,778,631,311,76,93.5,90,56,283,12.6,998,152.5,96,233,242.5,220,222,73,177,187,27,62,886,176,444,69,1631,76,16.4,28,1325,832,492,13,8.5,222,20.2,846,236,240,299,693,230,1035
188,F,"Japan, JP,Tokyo",1997.7.1,19.78,U,student,Japanese,48,1559,846,365,176,167,774,645,340,81,90.5,81,53,269,13.8,946,150,91,225,229.5,215,226,74,166,176,26,59,875,164.5,430,59,1567,73,12.6,19.4,1250,787,515,12.5,10.5,234,15.4,785,226,234,283,673,245,986
189,F,"Japan, JP,Tokyo",1997.7.1,19.65,U,student,Japanese,66.2,1598,860,376,178,160,927,729,408,79,94,97,60,282,30,977,152.5,94.5,236,235,259,228,81,174,181,28,63,974,171,436,68,1603,76,27.8,35.2,1287,802,599,10.5,7,236,30.6,832,295,298,290,690,268,1016
190,F,"Japan, JP,Tokyo",1997.7.2,19.92,U,student,Japanese,62.2,1652,874,379,188,152,918,729,375,75,96,94,59,293,12.2,982,154,100,245,246,232,224,78,178,183,27,65.5,942,180,444,64,1657,78,20,26.2,1333,806,525,7,7.5,235,15.6,817,258,259,303,699,258,1032
191,F,"Japan, JP,Tokyo",1997.7.2,21.92,U,student,Japanese,77.2,1721,949,380,199,159,979,796,409,77,107,98,61,317,20,1049,165.5,110,261,258,258,244,85,185,195,26,70,1035,191,481,65,1729,81,31.6,31.4,1413,877,638,5,16.5,9999,25.6,901,301,311,310,741,274,1090
192,F,"Japan, JP,Tokyo",1997.7.2,19.38,U,student,Japanese,66.2,1637,890,387,180,9999,876,722,406,73.5,93,91,54,299,27.2,975,157.5,97,236,245,229,223,74,170,177,26,64.5,1056,185.5,453,64,1640,71,20.4,25.8,1325,841,629,15,-5,237,22.4,836,265,267,304,696,260,1037
193,F,"Japan, JP,Tokyo",1997.7.1,20.24,U,student,Japanese,51.2,1652,910,369,190,156,810,591,340,81.5,86.5,89,59,256,18.4,1005,158,88,222,244,232,248,76,175,187,26,59,869,172,465,65,1658,78,17.4,23.2,1335,837,523,15.5,1.5,229,20.4,855,245,246,307,729,220,1064
194,F,"Japan, JP,Tokyo",1997.7.2,19.93,U,student,Japanese,53.4,1638,897,368,183,156,804,653,355,79,94,88,56,283,18.4,1021,154,95.5,236,245,217,223,74,177,189,24,59.5,898,173,449,65,1644,74,16.4,18.6,1335,854,546,20.5,5.5,231,19.6,858,233,238,291,695,243,1054
195,F,"Japan, JP,Tokyo",1997.7.2,20.05,U,student,Japanese,57,1645,880,356,189,162,825,670,346,78.5,91.5,90,59,289,15.4,977,159.5,94,233,243.5,227,221,73,173,186,26,57,929,179,430,63,1650,85,21.8,29.6,1320,817,549,14,8.5,233,14.8,804,245,245,291,681,249,1003
196,F,"Japan, JP,Tokyo",1997.7.3,19.98,U,student,Japanese,47.2,1576,825,361,171,157,804,603,323,77.5,89,81,57,254,11.2,933,151.5,91.5,222,235.5,217,215,75,171,179,24,58,845,172,429,59,1581,73,19.6,16,1276,769,488,12,9,222,14.4,781,224,234,269,656,227,988
197,F,"Japan, JP,Tokyo",1997.7.3,20.07,U,student,Japanese,48.2,1518,793,360,191,150,807,623,349,78,87,89,56,288,17,896,139.5,89,220,224,221,215,68,158,166,24,57,888,158.5,399,57,1525,70,19.4,26.4,1223,758,524,2.5,6,234,22.2,746,254,260,264,621,232,936
198,F,"Japan, JP,Tokyo",1997.7.3,22.15,U,student,Japanese,40,1534,810,315,183,157,725,547,321,77.5,83.5,85,52,254,5.8,895,140,85.5,218,220.5,201,208,69,159,169,24,56.5,793,158.5,411,63,1539,75,9.2,11,1249,747,464,4,9.5,229,10,764,210,221,256,630,195,958
202,F,"Japan, JP,Tokyo",1997.7.14,19.54,U,student,Japanese,44.6,1532,828,332,171,158,761,592,334,77,87,85,58,269,15.6,920,143.5,89,227,226,210,211,69,158,168,25,55,886,164.5,405,64,1538,79,16.6,24.8,1227,757,515,9.5,6.5,228,15.2,764,234,234,257,630,217,950
203,F,"Japan, JP,Tokyo",1997.7.3,19.76,U,student,Japanese,54.4,1578,862,359,182,159,877,693,349,77.5,86.5,86,57,278,18.4,965,147.5,88.5,223,231.5,231,224,75,166,177,25,61,929,167,434,68,1584,78,27.2,37.2,1278,791,549,10.5,0,229,25.2,820,261,261,279,678,251,1010
204,F,"Japan, JP,Tokyo",1997.7.1,21.97,U,student,Japanese,48.8,1578,842,353,181,151,776,622,341,74,87,87,57,277,15.4,933,137.5,90,226,226.5,214,208,71,163,174,26,57,884,163,433,62,1586,73,13.2,17,1282,796,535,15.5,4.5,231,14.8,797,228,230,282,653,221,1009
205,F,"Japan, JP,Tokyo",1997.7.14,20.16,U,student,Japanese,46.6,1544,786,332,187,152,759,631,327,76,87,83,53,282,11.6,898,144.5,89.5,224,226,219,209,72,156,170,25,58,920,166.5,400,60,1548,75,17,23.4,1225,732,537,12.5,10,235,14.2,736,235,235,265,637,234,936
206,F,"Japan, JP,Tokyo",1997.7.7,19.69,U,student,Japanese,56.6,1627,881,369,175,159,830,669,9999,80,97,92,56,285,12.4,991,157.5,99,243,245.5,230,227,77,177,188,26,60,948,175,439,63,1633,77,13,28,1327,791,530,14.5,6.5,237,19.2,811,263,263,286,692,236,1013
207,F,"Japan, JP,Tokyo",1997.7.7,19.66,U,student,Japanese,51.4,1612,849,355,170,158,790,611,341,75.5,92,88,56,265,9.6,936,150,95,235,241,233,219,76,171,182,29,59,884,175,428,63,1616,79,14.6,16,1311,800,531,12,13.5,232,13.6,799,257,276,280,670,216,1008
208,F,"Japan, JP,Tokyo",1997.7.8,20.18,U,student,Japanese,46,1534,825,337,180,149,784,607,340,79,91,88,57,271,14.8,916,145,93,238,226,223,216,75,163,170,24,56,846,163,415,56,1540,73,15.6,31.4,1242,783,512,11,12,229,13.2,775,240,241,289,651,225,973
210,F,"Japan, JP,Tokyo",1997.7.8,19.67,U,student,Japanese,54,1597,885,380,174,164,832,667,357,77,92,86,56,280,13.8,988,158.5,94,235,247,230,227,71,176,186,25,62,925,180.5,441,61,1604,70,15.6,30,1278,834,545,12.5,6.5,240,14.2,823,249,251,293,690,251,1009
211,F,"Japan, JP,Tokyo",1997.6.19,20.07,U,student,Japanese,40.8,1522,798,332,173,157,723,584,318,81,91,85,56,261,7.8,847,139,92.5,232,212.5,215,214,71,164,168,26,54.5,824,154,408,61,1536,80,12.2,12.2,1211,734,481,12.5,11.5,225,12.8,738,216,222,278,652,199,956
212,F,"Japan, JP,Tokyo",1997.7.8,21.66,U,student,Japanese,51,1520,795,361,187,154,806,676,338,77,86.5,85,59,267,17.8,903,141,89,228,225.5,239,190,75,164,170,26,58,912,161.5,404,63,1526,74,24.8,32.4,1220,741,552,10.5,5,235,21.6,748,267,276,253,621,240,951
213,F,"Japan, JP,Tokyo",1997.7.8,21.39,U,student,Japanese,41.4,1587,839,350,177,155,679,561,311,76,90.5,82,52,268,13.2,919,140.5,94,224,223.5,200,214,69,159,165,24,56,835,164,418,65,1594,74,11.8,13,1274,799,497,26,3.5,225,11.2,803,218,224,270,638,210,997
220,F,"Japan, JP,Tokyo",1997.6.11,19.38,U,student,Japanese,58.8,1578,848,367,187,158,842,684,388,76.5,89,89,59,277,22,949,148,91,229,232,244,211,75,170,177,26,62,958,169.5,430,61,1585,73,30,33.6,1277,795,597,10,11,234,23.4,802,297,298,296,677,240,1000
221,F,"Japan, JP,Tokyo",1997.6.25,19.94,U,student,Japanese,63.8,1567,830,358,186,162,933,743,403,73,92.5,96,56,287,21.6,915,139,96.5,237,226,244,196,77,165,181,27,67,984,167.5,416,58,1571,70,35.8,36.4,1270,784,605,3,-2,238,22.2,765,285,291,269,639,268,958
222,F,"Japan, JP,Tokyo",1997.6.27,19.91,U,student,Japanese,43,1589,844,340,168,157,758,603,324,79,88,86,53,275,10.4,950,148.5,90,228,234.5,207,219,71,166,172,26,59,837,166.5,440,66,1595,78,16.6,15.4,1297,787,474,14,10.5,222,12.6,812,209,217,275,642,220,1021
229,F,"Japan, JP,Tokyo",1997.7.14,19.34,U,student,Japanese,65.8,1605,862,365,178,151,903,746,395,9999,9999,98,57,274,18.6,963,9999,9999,255,9999,253,222,77,172,181,28,9999,985,9999,438,65,1610,78,30,34.6,1299,818,619,9999,9999,238,20.6,809,292,295,285,679,265,1008
230,F,"Japan, JP,Tokyo",1997.7.15,19.42,U,student,Japanese,41,1542,834,330,185,151,761,573,315,80.5,90.5,80,53,260,8.4,905,143,91.5,223,220.5,211,198,70,161,168,23,57.5,811,159,416,63,1546,81,9.4,11.4,1244,772,478,14.5,14,222,7.2,769,203,213,276,629,204,952
231,F,"Japan, JP,Tokyo",1997.7.14,21.66,U,student,Japanese,51,1536,817,345,174,152,831,659,359,78,92.5,90,58,264,13,903,132.5,94.5,233,222,228,209,74,161,174,26,58,896,152.5,405,65,1541,78,18,21.8,1230,761,551,5.5,14,233,17,755,258,259,273,648,241,935
232,F,"Japan, JP,Tokyo",1997.7.15,19.87,U,student,Japanese,58.8,1533,796,362,189,154,877,689,380,9999,9999,96,57,289,27.4,913,9999,9999,221,9999,238,206,69,165,174,26,9999,963,9999,398,59,1540,69,34.4,39.6,1230,737,555,9999,9999,233,28.2,776,271,271,268,632,250,944
236,F,"Japan, JP,Tokyo",1997.7.15,25.97,U,student,Japanese,65.8,1627,891,394,185,157,892,742,389,84,98.5,101,60,296,21.8,1005,164.5,98.5,241,245,246,239,72,186,188,26,68,976,175,452,61,1634,77,23,33.4,1311,837,615,17,1.5,245,25.6,829,281,285,300,725,272,1011
237,F,"Japan, JP,Tokyo",1997.7.15,19.31,U,student,Japanese,50,1587,859,366,177,152,778,635,343,79.5,91.5,88,53,265,10.6,964,144,93.5,230,228,226,223,73,168,172,24,60,901,162,435,59,1593,70,14.8,20,1281,804,545,17,4.5,227,12.4,799,242,255,278,662,231,1004
251,F,"Japan, JP,Tokyo",1997.6.16,21.92,U,student,Japanese,44.6,1570,832,337,189,152,765,557,326,83,89.5,85,58,257,9.4,939,141,90,231,217,212,222,72,163,177,26,58,830,152.5,429,70,1575,77,17.4,18,1273,767,477,5,-1.5,233,12.2,797,226,230,289,673,205,986
252,F,"Japan, JP,Tokyo",1997.6.16,19.5,U,student,Japanese,60.2,1595,830,359,184,160,871,694,389,76.5,90,88,60,278,14.4,926,153,93,230,242.5,243,218,75,164,170,26,57,966,175,424,59,1602,73,24,31.4,1297,760,584,7,8,237,21,785,279,285,279,660,229,992
253,F,"Japan, JP,Tokyo",1997.6.16,19.86,U,student,Japanese,51.6,1549,846,376,174,152,859,704,337,75,88,84,55,275,18.6,932,139.5,91,226,226,229,213,73,161,174,26,58.5,923,163,419,64,1556,79,26.4,30.6,1254,792,541,3,7.5,218,24.2,799,262,261,277,659,255,982
254,F,"Japan, JP,Tokyo",1997.6.16,22.57,U,student,Japanese,46.4,1616,861,363,183,152,737,583,313,80,90,86,51,273,15.2,963,155.5,92,229,245.5,216,242,72,177,181,25,59.5,891,171.5,440,71,1621,79,14.8,18.2,1310,795,494,5.5,4,229,13.6,824,211,215,300,706,205,1036
255,F,"Japan, JP,Tokyo",1997.6.16,21.06,U,student,Japanese,52.6,1638,889,373,192,160,764,600,336,73,89,92,58,294,13.4,978,148,93,226,232.5,229,219,72,166,177,26,61,936,175.5,440,74,1644,77,18.2,13.2,1337,810,525,11,11,233,17.2,834,237,244,285,662,221,1031
303,M,"Japan, JP,Tsukuba",1998.1.19,71.89,,,Japanese,46.8,1547,830,378,201,153,789,711,304,81,101.5,91,63,256,4,893,158,102,250,238,237,214,86,179,189,31,63,807,169,417,59,1552,83,9.6,10.8,1251,782,443,11,14.5,227,6,777,250,265,287,685,260,925
304,M,"Japan, JP,Tsukuba",1998.1.19,65.79,,,Japanese,67.8,1689,898,412,183,172,893,861,387,82,112,99,71,278,4.4,978,169,113,272,257.5,276,237,90,189,201,34,68,925,185,477,71,1695,84,17.4,26,1351,843,537,25.5,12.5,244,7.2,843,305,310,299,726,300,1017
305,M,"Japan, JP,Tsukuba",1998.1.19,68.85,,,Japanese,64.2,1596,898,376,200,149,947,925,341,81,94.5,99,65,290,9,972,154,95,242,242.5,259,239,86,177,186,32,65.5,906,169,446,66,1600,83,22.6,28.2,1299,835,515,6,13,236,11.2,823,299,309,291,698,318,994
307,M,"Japan, JP,Tsukuba",1998.1.21,71.53,,,Japanese,60.8,1627,872,353,198,158,896,857,322,76.5,95,96,70,285,6,963,161,97.5,242,253.5,267,234,85,187,196,31,69.5,882,184,453,72,1634,84,23.6,20.6,1326,820,483,8.5,13,234,12.2,830,294,304,288,708,294,978
308,M,"Japan, JP,Tsukuba",1998.1.21,72.01,,,Japanese,68.8,1649,899,382,192,156,976,921,341,76.5,99.5,99,69,290,7.2,975,149.5,102,248,236,259,229,86,173,180,32,62,954,173.5,443,65,1653,79,27.8,22.4,1330,826,522,14.5,15.5,237,11,827,291,300,316,709,305,961
309,M,"Japan, JP,Tsukuba",1998.1.21,60.03,,,Japanese,67.2,1629,873,381,190,159,940,916,380,78.5,104,93,65,288,10.8,948,154,105,256,247,269,228,89,181,191,30,70,941,175,433,64,1634,76,28.4,24.2,1311,814,548,3,10.5,239,12.6,810,299,305,286,694,315,962
311,M,"Japan, JP,Tsukuba",1998.1.22,68.8,,,Japanese,60.6,1560,829,375,194,168,938,882,347,77.5,97,96,65,278,7.2,895,147.5,99,238,229.5,256,216,81,164,171,31,62.5,895,168.5,412,63,1568,78,24.6,31,1260,772,508,10,22,235,14.4,766,290,294,265,641,313,927
312,M,"Japan, JP,Tsukuba",1998.1.22,66.25,,,Japanese,62.6,1573,853,388,196,164,955,875,339,79,107,92,70,274,4.8,913,152.5,108.5,268,245,264,220,89,178,189,29,67,904,173.5,431,71,1580,80,21.2,27.4,1270,792,505,11,14.5,245,8.4,795,289,300,286,681,296,957
313,M,"Japan, JP,Tsukuba",1998.1.22,75.72,,,Japanese,65.4,1594,863,372,182,159,975,971,348,79.5,101,100,65,286,9,955,154.5,102,255,242.5,258,220,81,176,187,30,66,906,172.5,436,65,1603,83,18.4,26.4,1309,793,512,13,13.5,234,11.6,800,287,296,286,683,323,936
315,M,"Japan, JP,Tsukuba",1998.1.23,67.31,,,Japanese,53.2,1522,785,350,194,156,842,812,330,76.5,102,85,65,279,5,850,142,105,251,229,238,214,79,165,175,33,66,862,167,408,68,1528,73,18.8,24.2,1209,727,465,30,9.5,238,10,730,275,282,264,645,280,871
316,M,"Japan, JP,Tsukuba",1998.1.23,69.73,,,Japanese,43.2,1524,797,359,183,151,770,653,302,77,96.5,84,60,257,3.8,878,137,99,240,223,244,195,76,161,173,30,65,794,159.5,412,74,1529,78,16.2,10.2,1221,738,422,7,17,222,6.8,757,256,267,261,628,236,902
317,M,"Japan, JP,Tsukuba",1998.1.23,62.67,,,Japanese,60.6,1591,854,380,191,160,918,825,345,80.5,97,92,63,281,4.4,935,154.5,98.5,242,239,256,223,87,184,195,28,61,898,171,433,66,1595,74,17,23.4,1291,789,495,11.5,12.5,230,9.8,789,290,300,279,670,299,938
318,M,"Japan, JP,Tsukuba",1998.1.23,67.43,,,Japanese,79.6,1680,898,397,195,157,1021,978,390,77,113.5,103,70,295,8.2,961,160,116.5,290,263.5,282,229,90,191,204,35,71,975,186,470,72,1686,83,29,22.4,1350,829,554,13,16,252,18.2,823,312,312,308,727,336,987
319,M,"Japan, JP,Tsukuba",1998.1.26,70.91,,,Japanese,67.8,1774,968,378,191,156,905,863,361,72.5,107.5,105,74,276,4.4,1059,158,112.5,267,267.5,269,253,87,189,202,32,67.5,929,192,490,73,1781,85,20,16.8,1433,896,507,11,19,247,8.8,907,273,285,324,766,303,1064
320,M,"Japan, JP,Tsukuba",1998.1.26,65.85,,,Japanese,56.6,1570,810,354,196,164,879,821,339,78.5,93,92,63,280,4.2,895,143,95,232,227,247,218,80,168,179,29,61,860,162,410,63,1575,75,22,23.8,1254,732,505,-1,14.5,243,9,753,279,289,254,636,273,905
321,M,"Japan, JP,Tsukuba",1998.1.26,68.86,,,Japanese,60.2,1567,839,394,186,161,943,868,336,76.5,104,94,68,269,5,913,142,107,264,234,260,209,80,169,183,32,64,891,167,420,69,1573,80,17.4,27.8,1240,784,461,15.5,19.3,235,8.8,781,286,295,279,659,291,919
322,M,"Japan, JP,Tsukuba",1998.1.26,70.93,,,Japanese,53.2,1613,834,389,193,156,858,725,315,76,97,95,68,293,4.8,920,145,100,244,236,247,225,78,168,180,31,61,866,170,418,65,1619,72,18.4,12,1289,784,477,6.5,20,237,9.2,788,258,272,290,686,264,947
324,M,"Japan, JP,Tsukuba",1998.1.27,66.75,,,Japanese,56.2,1546,832,386,185,162,898,883,336,73.5,94.5,92,68,276,4.6,895,149.5,98,241,240.5,256,211,86,166,178,33,62.5,843,177,426,62,1553,73,15.8,20,1230,767,470,16,9.5,229,7,765,279,298,267,646,302,924
325,M,"Japan, JP,Tsukuba",1998.1.28,71.75,,,Japanese,56.8,1648,904,396,203,155,904,822,307,75.5,102,89,62,303,5.6,946,156.5,104.5,261,251.5,255,230,83,165,182,32,67,867,182.5,456,71,1656,73,10.6,21.2,1323,853,449,0.5,12,237,7.2,821,282,288,277,661,294,1017
327,M,"Japan, JP,Tsukuba",1998.1.28,67.28,,,Japanese,53.8,1555,838,366,185,159,872,766,330,75,98,91,63,272,3.4,932,142,101,246,234,247,210,79,169,181,31,58.5,887,168,423,68,1561,80,17.6,25.4,1250,777,485,15.5,7.8,236,11.6,794,278,290,273,654,276,935
328,M,"Japan, JP,Tsukuba",1998.1.28,67.45,,,Japanese,66.2,1722,911,391,200,158,920,852,342,75,107.5,104,69,282,4.4,1000,158.5,111,267,259,262,241,94,192,203,32,70,938,188,461,66,1728,84,21.8,23,1384,851,513,9,14.5,244,8.4,864,281,298,296,727,297,1036
333,M,"Japan, JP,Tsukuba",1998.2.3,70.14,,,Japanese,62.4,1562,809,353,202,165,932,882,340,78,98.5,97,68,293,8.4,907,153.5,100.5,246,240,259,217,89,179,185,31,66,906,174.5,411,61,1566,79,25.6,22.4,1263,747,494,7.5,7.5,238,16.6,763,310,315,274,664,294,910
335,M,"Japan, JP,Tsukuba",1998.2.3,71.01,,,Japanese,58.4,1579,843,393,191,159,914,890,334,82,100,103,68,273,7.6,931,153,101,251,239,260,229,88,178,192,32,65.5,892,167,437,69,1580,89,15.8,25.6,1268,785,478,11.5,11.5,238,10.6,788,288,292,277,684,307,936
336,M,"Japan, JP,Tsukuba",1998.2.3,67.69,,,Japanese,58.8,1586,866,375,186,152,908,871,340,76,95.5,93,70,269,4,966,152,103.5,255,245,257,226,88,177,190,31,66,860,177.5,439,68,1591,80,18.4,22,1265,811,470,4,16,237,8.4,815,284,288,301,697,289,977
337,M,"Japan, JP,Tsukuba",1998.2.3,68.41,,,Japanese,57.4,1629,871,364,9999,164,881,820,314,80,95,98,68,274,5.6,959,145.5,101.5,253,233,261,228,91,174,183,35,64,874,163.5,423,63,1634,86,18,19.6,1313,799,474,7.5,14,242,9,817,295,289,288,692,277,965
338,M,"Japan, JP,Tsukuba",1998.2.4,62.39,,,Japanese,64.4,1709,910,9999,191,167,920,795,356,78.5,102,97,70,301,3.8,1004,156,104,253,251,274,237,88,191,204,33,63,905,177,473,70,1718,80,15.4,11.4,1385,855,510,18.5,10,242,7.2,865,282,291,306,736,288,1029
339,M,"Japan, JP,Tsukuba",1998.2.4,63.79,,,Japanese,61.4,1563,818,387,195,152,935,890,354,78,101,88,60,270,5,887,145,103,250,231,249,211,81,165,179,29,68.5,924,166,415,66,1567,78,20,36.4,1248,763,525,15.5,12.5,238,11.4,771,288,298,254,634,302,907
340,M,"Japan, JP,Tsukuba",1998.2.4,74.15,,,Japanese,64.6,1556,849,370,193,154,976,968,352,76.5,108,96,67,272,5.8,918,147.5,111,266,242,268,218,88,175,189,36,63.5,915,173,433,66,1564,81,18.6,32,1244,798,505,12,11.5,238,13.2,781,296,295,280,655,310,916
343,M,"Japan, JP,Tsukuba",1998.3.2,82.25,,,Japanese,61.6,1488,816,345,194,149,943,945,325,81.5,96,105,69,306,9999,907,151,97,246,234,250,211,82,172,186,31,62,1002,166,432,61,1495,85,24.2,31.8,1201,744,533,1,7.5,238,17.2,768,281,293,278,666,321,914
345,M,"Japan, JP,Tsukuba",1998.3.6,63.84,,,Japanese,65.2,1587,826,377,195,162,915,914,343,76,101.5,94,68,286,5.2,912,151,104,253,236.5,269,218,86,170,180,31,69,930,176,423,58,1590,75,23.4,27.2,1273,772,516,3.5,10.5,243,7.8,777,305,313,273,658,311,931
346,M,"Japan, JP,Tsukuba",1998.3.6,72.04,,,Japanese,47.2,1523,867,356,187,157,831,766,296,79,87.5,91,63,250,4.8,932,141.5,89,220,231,223,232,76,170,182,30,58,809,158,439,62,1532,74,14.2,13.8,1230,813,468,8,14.5,232,5.6,799,237,245,276,686,262,949
349,M,"Japan, JP,Tsukuba",1998.2.9,70.84,,,Japanese,61.4,1624,880,403,196,154,922,834,343,75,102.5,92,67,289,7.4,940,146,106,251,237,261,244,84,181,190,30,65,977,173.5,438,63,1635,73,14.4,16.6,1316,819,504,18.5,13.5,233,11.2,824,276,288,279,707,295,991
350,M,"Japan, JP,Tsukuba",1998.2.9,63.92,,,Japanese,66,1616,872,397,185,166,974,865,325,76.5,97.5,99,70,286,7,940,149,100,244,240,254,218,81,175,188,32,63,930,173,437,66,1619,79,30.6,34.8,1300,805,533,3.5,16.5,235,12.4,802,301,310,302,684,298,971
351,M,"Japan, JP,Tsukuba",1998.2.9,74.12,,,Japanese,83.8,1720,914,386,191,155,994,1008,393,69.5,110,108,70,310,7,1020,161,117.5,282,274.5,289,237,95,182,9999,34,74.5,1030,203,459,72,1725,83,30.4,15,1395,840,580,4.5,20,233,10.6,862,317,335,301,724,335,1032
357,M,"Japan, JP,Tsukuba",1998.2.12,69.42,,,Japanese,65.5,1615,860,394,191,168,923,861,368,79,108.5,94,69,257,5.8,922,154,110.5,269,248,274,227,89,187,198,34,71.5,912,176,435,68,1626,76,17.6,20,1310,819,532,10,18.5,244,10.4,798,288,298,289,705,298,975
359,M,"Japan, JP,Tsukuba",1998.2.12,71.95,,,Japanese,49.2,1617,885,361,189,150,825,9999,308,74.5,106.5,99,68,280,4.2,968,156,110.5,266,259.5,244,223,86,191,201,32,68.5,855,186,443,73,1623,85,8.8,14,1298,827,422,12.5,12.5,235,8,833,259,270,284,696,273,995
365,M,"Japan, JP,Tsukuba",1998.2.16,63.13,,,Japanese,71,1592,842,394,185,166,943,988,368,78,95,106,73,291,8.4,930,156.5,102.5,253,246,280,213,89,178,191,34,59,950,178,439,71,1602,79,22.2,23,1285,796,556,18,13,242,14,801,321,333,260,666,319,945
366,M,"Japan, JP,Tsukuba",1998.2.16,67.5,,,Japanese,68.4,1664,890,399,197,170,951,910,369,74.5,111.5,95,72,300,4.8,975,148,115.5,270,248,263,239,93,182,193,33,67.5,934,179,456,72,1670,79,16.6,20,1328,824,518,19,22,247,9,829,302,310,289,706,305,1001
370,M,"Japan, JP,Tsukuba",1998.2.17,68.94,,,Japanese,52,1595,871,380,193,159,892,753,329,76,95.5,92,65,245,3.2,913,154,98,242,249,246,223,86,184,192,31,63,831,178,446,70,1600,82,9.6,6.6,1257,797,452,7.5,10,259,5,818,249,262,277,683,272,951
371,M,"Japan, JP,Tsukuba",1998.2.17,63.01,,,Japanese,47.4,1584,829,371,195,156,850,745,301,73.5,98.5,88,59,281,2.8,920,145,102.5,243,237,248,229,91,175,186,32,62,805,174,417,58,1598,76,9.8,8,1268,780,430,8,13.5,237,5.6,787,258,278,281,685,267,931
372,M,"Japan, JP,Tsukuba",1998.2.17,71.22,,,Japanese,53,1624,866,365,195,158,833,740,305,72.5,97.5,97,66,289,6,951,157,102,248,254.5,247,229,86,182,194,31,67,861,187.5,443,63,1630,78,13.4,11,1305,817,460,12.5,12,253,9.6,814,268,275,288,704,275,983
373,M,"Japan, JP,Tsukuba",1998.2.17,70.25,,,Japanese,62.6,1625,867,363,196,154,950,943,321,73,105.5,92,68,282,5,954,146,109.5,262,247,254,228,88,176,194,34,68.5,877,177,446,68,1630,79,25.4,15.6,1315,795,487,16,11.5,247,10.2,808,286,289,279,694,305,954
374,M,"Japan, JP,Tsukuba",1998.2.19,65.33,,,Japanese,54.8,1584,845,375,184,155,907,814,315,74.5,98,94,68,273,3,925,142.5,101,247,240,263,213,88,175,191,31,69.5,866,169,431,66,1590,76,8.4,12.4,1265,810,470,1.5,10,258,6.6,795,269,278,279,680,287,943
375,M,"Japan, JP,Tsukuba",1998.2.19,66.72,,,Japanese,54.8,1600,853,373,191,166,885,854,302,79,93,93,65,273,4.8,928,143,94.5,240,233,234,228,87,179,188,32,63.5,865,160.5,428,63,1604,78,18.8,20.6,1270,798,453,3.5,15.5,250,8.8,790,250,256,285,680,288,943
376,M,"Japan, JP,Tsukuba",1998.2.19,67.89,,,Japanese,53.6,1586,839,378,197,153,855,769,334,76,103.5,98,64,274,3.8,907,140,106,252,237,254,210,88,174,179,34,64,848,166,427,66,1588,79,10.2,9.2,1260,786,459,8,16.5,248,5,778,271,283,281,662,270,944
377,M,"Japan, JP,Tsukuba",1998.2.19,75.52,,,Japanese,65.2,1610,865,374,193,162,915,863,380,80,111,100,72,280,5.4,932,149,113,277,246.5,276,226,93,183,191,34,69.5,916,169,441,64,1619,84,12.8,22.4,1298,815,527,8,20,230,8.6,807,309,315,279,685,286,965
378,M,"Japan, JP,Tsukuba",1998.2.19,71.94,,,Japanese,52.4,1580,844,362,191,157,885,813,309,74.5,95.5,90,71,262,3,936,141,99,244,238.5,252,223,86,170,180,33,62,832,167.5,442,62,1585,78,7.4,19,1280,773,436,5.5,13,247,9.6,794,268,279,273,664,280,943
379,M,"Japan, JP,Tsukuba",1998.2.20,62.38,,,Japanese,53.2,1693,942,382,190,162,902,717,310,76,107,98,72,296,2.6,1012,160,110,266,258.5,257,249,86,194,207,32,64,855,186,471,64,1698,82,6.6,4.4,1375,880,427,7.5,13.5,251,5,886,262,276,331,769,259,1041
384,M,"Japan, JP,Tsukuba",1998.2.26,64.35,,,Japanese,65,1742,937,419,196,165,916,845,329,77.5,104.5,99,66,295,6.6,1020,157.5,106,265,254.5,261,258,87,189,9999,32,68.5,911,180.5,478,76,1748,85,13.6,26.4,1411,867,512,7,12.5,253,12.4,891,284,286,314,745,298,1052
386,M,"Japan, JP,Tsukuba",1998.2.23,71.16,,,Japanese,62.2,1580,848,374,183,156,943,891,340,73.5,100.5,97,67,270,6.8,910,146.5,104.5,253,240.5,266,216,89,176,193,28,67,914,176.5,428,64,1585,78,16.8,26.4,1281,798,504,4,13,237,8.2,797,296,305,293,683,303,941
414,M,"Japan, JP,Tsukuba",1998.4.28,65.82,,,Japanese,75.4,1644,867,405,193,156,995,933,390,78,105.5,97,68,291,8.2,948,150,107.5,265,246.5,271,235,93,182,197,32,68,948,173,449,71,1653,81,27.6,33,1325,823,582,4.8,19,244,19.4,819,326,339,291,707,313,985
302,F,"Japan, JP,Tsukuba",1997.12.17,62.92,,,Japanese,67.4,1609,876,351,185,158,927,812,361,74.5,108,102,63,299,13.6,961,148.5,112.5,267,245,255,218,78,177,195,28,69.5,1017,178.5,433,65,1615,72,25.6,31.4,1309,806,586,18.5,4.5,230,24.8,810,306,315,292,692,290,993
314,F,"Japan, JP,Tsukuba",1998.1.22,68.16,,,Japanese,61,1510,812,345,185,163,923,863,351,78,95.5,99,55,292,18.4,883,151,97,240,229,225,202,78,169,185,29,64,983,172,409,62,1516,71,34.4,35.6,1211,769,582,13.5,12.5,216,18.4,750,286,296,262,635,321,915
326,F,"Japan, JP,Tsukuba",1998.1.28,67.36,,,Japanese,63,1540,832,372,179,149,1005,875,345,72,99.5,93,60,287,10.8,895,139,105,258,240.5,251,207,84,175,186,33,67,1001,171.5,417,60,1545,70,35.8,37.8,1257,764,555,9.5,16,231,17.6,765,318,324,267,639,304,960
331,F,"Japan, JP,Tsukuba",1998.2.2,64.55,,,Japanese,54.4,1533,817,357,172,154,879,678,334,79,95,89,55,290,11.2,934,147,97,232,230,228,213,72,173,180,28,68.5,908,166,413,59,1533,74,25,34.6,1245,757,534,13.5,9,228,18.2,763,269,277,290,671,228,950
332,F,"Japan, JP,Tsukuba",1998.2.2,65.92,,,Japanese,55.6,1489,822,366,182,149,934,860,318,77,92,95,64,292,11.8,907,141,94,230,231.5,252,215,82,168,177,29,60,970,162,414,57,1494,70,37.4,38.8,1215,750,524,6,11.5,229,27,760,315,320,269,648,294,916
341,F,"Japan, JP,Tsukuba",1998.2.5,63.1,,,Japanese,52.4,1520,834,352,184,154,886,790,314,85,85.5,85,59,279,11.8,914,136.5,83.5,221,224.5,250,202,74,170,181,28,58,902,159,417,56,1524,68,26.8,39.8,1240,770,500,6,8.5,230,20,760,303,308,273,648,285,932
342,F,"Japan, JP,Tsukuba",1998.2.5,75.73,,,Japanese,60,1560,846,358,190,143,931,853,356,74.5,97,90,61,297,8.4,923,143,100.5,245,237,246,213,81,177,191,31,62,950,169.5,427,67,1570,72,20,39,1246,768,527,17.5,7,238,15.2,763,287,291,275,664,320,938
344,F,"Japan, JP,Tsukuba",1998.3.2,70.96,,,Japanese,46,1434,780,339,180,152,827,753,322,84,90,90,62,288,11.4,835,144,94,226,233,242,200,80,173,180,26,64,882,167,398,52,1438,73,14.2,18,1143,745,486,10.5,10.5,224,12.8,733,264,270,253,619,254,887
352,F,"Japan, JP,Tsukuba",1998.2.9,71.72,,,Japanese,52.2,1491,798,353,176,156,939,855,319,74.5,95.5,86,59,275,10.2,893,137.5,99,244,226,233,214,78,173,183,28,63,919,164,403,69,1494,70,23.6,27.8,1203,749,490,5,14,232,14,737,270,278,263,645,304,897
353,F,"Japan, JP,Tsukuba",1998.2.10,63.72,,,Japanese,52.2,1540,814,348,176,155,885,769,330,77.5,94.5,92,56,293,6.8,891,145,97,234,231.5,235,196,78,173,195,30,61,922,165,408,68,1547,80,11.2,15,1247,780,518,11,16,235,12,760,266,271,263,643,265,935
354,F,"Japan, JP,Tsukuba",1998.2.10,62.34,,,Japanese,59.6,1463,768,337,185,144,966,926,366,78.5,96,95,62,284,22,861,142,98.5,238,222.5,264,203,79,175,181,30,61.5,954,161,399,60,1466,69,32.8,40,1201,733,566,12,11,229,24.8,735,306,310,254,633,320,884
355,F,"Japan, JP,Tsukuba",1998.2.10,63.16,,,Japanese,49.2,1527,806,342,179,155,862,682,328,74,91.5,89,61,274,8.8,885,140.5,96,232,229,227,208,77,168,173,28,64.5,865,167,401,55,1530,69,17.6,28.2,1233,785,523,14,13,232,12.4,761,260,266,284,651,255,917
358,F,"Japan, JP,Tsukuba",1998.2.12,68.27,,,Japanese,47.8,1450,769,341,178,152,859,755,320,74.5,92,84,54,287,18.4,844,139,95,232,224.5,223,193,78,156,172,30,59,892,165.5,384,57,1453,74,13.8,14.2,1159,725,474,5.5,16,228,14,723,271,281,266,615,263,875
360,F,"Japan, JP,Tsukuba",1998.2.12,66.48,,,Japanese,44.8,1453,767,332,174,143,804,735,301,75,91,84,54,280,10.6,842,136,94,228,220,219,191,75,164,174,26,62,869,160,376,56,1458,64,17.4,27.2,1160,710,498,4.5,15,227,17,724,276,282,233,588,262,879
363,F,"Japan, JP,Tsukuba",1998.2.13,61.84,,,Japanese,64.2,1565,839,369,186,158,961,872,387,78,104,98,64,310,8.2,925,156,106,252,246.5,251,209,82,171,187,30,69,998,178.5,435,65,1570,74,20.8,33.4,1284,798,540,15.5,17.5,240,16.4,766,303,302,269,658,306,960
364,F,"Japan, JP,Tsukuba",1998.2.13,63.66,,,Japanese,48.6,1480,783,334,182,153,841,780,324,76.5,93,85,58,276,8.2,880,133,95,231,221,230,201,79,168,172,28,59,887,157,389,55,1483,64,23.4,32,1190,735,496,9,15,234,14.4,728,261,273,277,634,282,880
367,F,"Japan, JP,Tsukuba",1998.2.16,63.94,,,Japanese,56.4,1463,778,354,182,153,958,820,323,75,98,91,60,300,8.6,883,131,101.5,244,221,251,193,78,166,176,28,59,927,157,394,54,1466,68,35,35.6,1197,735,526,2,22.5,230,20.6,744,295,296,261,620,281,902
368,F,"Japan, JP,Tsukuba",1998.2.16,68.27,,,Japanese,41.8,1424,773,322,180,148,840,719,288,72,92.5,86,59,277,6,856,139.5,97,234,234,221,198,75,173,181,28,69.5,841,169,393,61,1430,72,20,32.8,1151,723,457,7,15,220,14.8,722,254,259,243,618,252,886
369,F,"Japan, JP,Tsukuba",1998.2.16,73.78,,,Japanese,36.8,1420,740,333,182,146,766,635,279,71.5,84.5,82,56,256,6.8,818,129,89.5,212,212,203,191,70,162,173,27,51,772,157,374,60,1425,69,12.6,16.4,1131,693,435,-1.5,17,220,11.4,693,241,248,248,601,228,846
381,F,"Japan, JP,Tsukuba",1998.2.20,71.58,,,Japanese,55.6,1428,775,329,181,150,918,867,362,76.5,93,97,68,289,25.8,847,137,95.5,237,228,263,188,77,164,177,30,59,916,159.5,387,59,1434,73,41.4,36.4,1152,715,524,-0.3,8.5,234,27,717,305,309,248,608,300,875
382,F,"Japan, JP,Tsukuba",1998.2.20,67.32,,,Japanese,49.6,1446,772,351,181,155,870,748,332,80,86,84,61,9999,11.8,861,134.5,92,232,214,241,199,78,161,164,29,61,914,151,390,60,1453,70,20.4,26.2,1154,731,510,7.5,15,233,16.2,719,290,296,262,616,256,885
383,F,"Japan, JP,Tsukuba",1998.2.20,70.51,,,Japanese,48.6,1493,783,337,183,150,865,721,318,78,89,84,58,281,5.6,870,138,91,226,223,217,208,80,169,181,28,60.5,860,157.5,398,57,1502,71,15.6,27.4,1208,733,503,8,18.5,230,12.2,735,274,289,268,650,245,898
385,F,"Japan, JP,Tsukuba",1998.2.26,60.3,,,Japanese,50,1596,853,344,176,162,841,640,326,78.5,91,85,58,280,9.8,960,152,92.5,228,239.5,231,222,80,183,192,28,63,865,171,429,55,1599,73,18,25.6,1278,797,461,12.5,-3,233,19.2,815,271,275,286,686,243,985
387,F,"Japan, JP,Tsukuba",1998.3.17,71.36,,,Japanese,62.8,1458,778,366,188,158,970,900,363,81,95,99,62,295,16.4,863,143,91,240,222,258,184,79,164,174,27,59,950,158,398,58,1465,70,30.2,39.6,1185,729,580,10,10,236,20.8,710,317,320,278,625,302,897
388,F,"Japan, JP,Tsukuba",1998.3.17,67.46,,,Japanese,44.2,1463,772,330,185,156,784,634,316,77,94,91,58,271,12.4,851,136.5,96,233,228.5,223,203,75,164,172,25,56.5,859,158.5,410,52,1467,65,14,26.8,1174,731,523,11.5,17,218,16.4,732,259,260,256,623,230,873
389,F,"Japan, JP,Tsukuba",1998.3.17,63.37,,,Japanese,64.8,1465,795,358,182,159,1040,937,335,77.5,93,90,63,309,20,892,136.5,95.5,232,223,251,203,80,166,179,30,64,1046,157,403,57,1467,72,38,41.2,1171,759,540,1,23.5,231,25.4,741,305,319,271,639,326,896
390,F,"Japan, JP,Tsukuba",1998.3.17,75.01,,,Japanese,58,1458,773,339,180,153,1002,850,353,81,90.5,95,65,307,15.4,859,143,92,227,223.5,251,203,80,160,172,28,58.5,945,158,411,62,1462,72,23,39,1172,746,542,9.5,13,239,16.6,731,304,308,271,628,299,877
391,F,"Japan, JP,Tsukuba",1998.3.18,62.61,,,Japanese,49.8,1499,771,340,175,152,873,780,311,77,89,84,58,265,9,864,133,91.5,228,216,233,195,75,166,177,28,59,866,154,399,59,1506,71,31,37.6,1197,743,472,2,13,219,16.4,743,274,280,276,638,265,909
392,F,"Japan, JP,Tsukuba",1998.3.18,66.18,,,Japanese,56.4,1473,758,351,195,151,900,794,339,75.5,96,94,62,303,14,858,141,99.5,243,233.5,271,197,83,166,174,28,65,940,166,386,55,1478,70,19.8,27.4,1188,695,523,21.5,13.5,234,16.6,706,301,306,273,626,280,846
393,F,"Japan, JP,Tsukuba",1998.3.18,64.44,,,Japanese,49.4,1442,761,328,174,152,864,718,330,74,91,90,58,278,6.8,857,131,94,228,212.5,242,198,78,167,177,26,58.5,881,157,390,57,1449,72,25.4,29.6,1170,720,509,13,10.5,231,17.4,718,288,290,252,614,279,866
394,F,"Japan, JP,Tsukuba",1998.3.18,60.65,,,Japanese,72.4,1549,776,352,185,145,1054,950,383,73.5,97,100,67,297,25.2,927,141,101,245,234,270,218,82,175,189,28,62.5,1034,170,428,62,1556,71,30.6,42.4,1257,767,618,15,15.5,232,24.4,762,332,341,287,673,328,936
395,F,"Japan, JP,Tsukuba",1998.3.19,70.54,,,Japanese,49,1482,776,350,185,151,885,747,334,76.5,97.5,88,60,297,7.2,856,131.5,100,245,225,233,200,81,163,175,30,62,881,155.5,396,56,1488,68,17.6,23.6,1188,746,474,11,17,232,13.2,733,275,278,271,635,261,860
396,F,"Japan, JP,Tsukuba",1998.3.19,70.55,,,Japanese,58.4,1476,777,360,186,157,969,850,343,76.5,100.5,92,60,303,10.8,828,144.5,104,255,232,255,188,84,168,184,31,62,940,169.5,408,58,1492,69,30.4,34.2,1179,729,536,9,12.5,239,21.2,712,300,304,261,616,303,868
397,F,"Japan, JP,Tsukuba",1998.3.19,63.46,,,Japanese,65.4,1540,823,359,184,156,1008,870,370,75,104.5,100,60,300,17.2,923,141,108.5,256,234.5,256,202,83,179,189,30,63,974,169,418,65,1542,73,29.2,34.4,1245,794,564,31.8,13.5,240,22.2,764,311,316,254,642,292,941
398,F,"Japan, JP,Tsukuba",1998.3.19,68.03,,,Japanese,60.6,1510,791,366,186,148,972,868,339,78,93,93,65,315,11.2,876,141,95,234,228.5,251,204,83,173,183,29,60,954,160.5,412,65,1515,73,32.2,36.4,1208,745,563,8.5,11.5,235,19.8,733,305,309,266,651,288,911
399,F,"Japan, JP,Tsukuba",1998.3.19,65.57,,,Japanese,56.8,1585,837,364,180,147,972,791,348,76.5,96.5,96,59,286,11,943,151,99,241,240,240,211,82,171,181,29,67.5,866,174.5,439,61,1591,76,21.8,39,1275,810,491,8.5,16,228,16.6,803,271,286,276,658,287,963
400,F,"Japan, JP,Tsukuba",1998.3.25,62.2,,,Japanese,56.2,1499,780,342,187,156,964,885,321,75,94.5,99,58,301,9,862,131.5,92,241,219.5,248,196,78,160,172,29,66.5,890,157,387,56,1503,75,36.2,31.4,1208,719,492,9,1,238,21.2,712,283,290,247,600,292,880
401,F,"Japan, JP,Tsukuba",1998.3.25,71.12,,,Japanese,58,1452,738,337,191,151,957,868,349,78,103,93,63,275,19.4,848,147,105,249,239.5,252,199,84,165,183,31,66,920,169,391,56,1458,67,23.2,24.6,1159,707,532,16.5,13,236,19,708,300,303,263,633,290,876
402,F,"Japan, JP,Tsukuba",1998.3.25,65.59,,,Japanese,67.8,1440,755,361,176,154,1089,943,364,75,93.5,92,62,324,16.6,868,130,96,230,212,258,196,76,159,164,27,56.5,1113,155.5,410,56,1445,70,32,36.8,1168,705,577,5,17.5,239,24.6,704,325,328,250,598,330,874
403,F,"Japan, JP,Tsukuba",1998.3.26,61.52,,,Japanese,63.8,1614,883,361,182,161,970,881,371,78.5,96,94,63,302,11.4,970,155,98,246,254,260,229,78,184,198,29,65.5,937,174,457,61,1623,74,27.4,37.2,1329,828,518,5.5,10,246,24,839,311,319,301,710,317,987
404,F,"Japan, JP,Tsukuba",1998.3.26,70.85,,,Japanese,39.6,1463,779,327,181,152,810,660,283,79,94.5,85,58,277,6,870,145.5,96.5,231,234,210,203,74,175,182,26,63,837,164,384,53,1465,67,15.4,31.2,1173,731,441,13.5,11.5,226,18.2,727,233,244,260,627,231,883
405,F,"Japan, JP,Tsukuba",1998.3.26,65.33,,,Japanese,55.2,1468,805,347,181,153,954,893,322,80,103.5,92,63,304,8.4,889,146.5,105,252,234,240,209,83,178,186,30,63,943,165,411,53,1475,69,18.4,32.6,1193,770,522,12.5,15.5,232,17.4,751,282,289,262,650,314,905
406,F,"Japan, JP,Tsukuba",1998.3.26,64.07,,,Japanese,66,1553,825,368,178,153,1043,890,366,73,100.5,93,66,303,10.4,896,140,105,254,240.5,262,215,86,170,177,29,66,973,170.5,411,59,1557,70,32.6,36.4,1243,755,528,3.5,18,235,17.4,774,315,326,263,649,308,906
407,F,"Japan, JP,Tsukuba",1998.3.26,71.59,,,Japanese,46.4,1347,707,327,176,147,936,832,293,76,86,86,57,276,12,778,129,89,220,208,234,175,72,149,161,28,59,889,150.5,353,53,1355,63,27.8,33.2,1079,662,9999,5,14,222,21.6,666,276,282,249,576,290,795
408,F,"Japan, JP,Tsukuba",1998.3.30,62.19,,,Japanese,52.2,1479,802,345,174,156,899,807,349,76.5,92,93,58,291,15.4,869,129,94.5,233,218,234,184,75,153,169,25,62,904,151,387,58,1483,64,25,38.2,1198,720,531,13.5,14,230,23.2,733,289,286,263,605,286,862
409,F,"Japan, JP,Tsukuba",1998.3.30,66.85,,,Japanese,62,1533,775,356,171,165,971,928,343,74,91.5,95,56,275,18.4,911,140.5,95,233,232,242,203,78,166,181,27,61,928,166,408,63,1537,68,36.4,41,1238,733,542,1,7.5,232,25.8,752,298,307,256,622,315,904
410,F,"Japan, JP,Tsukuba",1998.3.30,67.59,,,Japanese,69.2,1511,791,368,180,150,1048,1022,360,81,104,96,65,308,18,881,149,105,255,231.5,258,189,80,164,177,30,68,1037,165.5,402,55,1517,70,40.6,42,1198,716,520,8,8,238,20.6,735,314,323,250,611,324,881
411,F,"Japan, JP,Tsukuba",1998.4.1,80.58,,,Japanese,52.5,1500,804,340,178,144,901,817,339,74.5,95,93,59,289,5.4,886,145.5,98.5,242,239.5,228,205,83,174,187,29,62,915,171.5,405,59,1505,71,18.4,22,1232,752,498,1.5,18,228,11.8,748,265,274,269,652,273,932
412,F,"Japan, JP,Tsukuba",1998.4.28,67.09,,,Japanese,55.6,1519,845,352,186,155,860,716,329,73.8,100,93,63,305,10.2,916,144,104,247,234,245,223,82,165,175,28,66,956,173.5,423,61,1526,75,13,16,1225,794,574,8,22,239,15.4,770,295,302,262,651,261,931
413,F,"Japan, JP,Tsukuba",1998.4.28,62.06,,,Japanese,56.2,1457,800,348,180,140,968,891,342,77.5,97,90,59,288,21.2,874,131,99.5,246,215,245,200,76,161,178,29,62.5,1000,153,411,57,1462,62,32,34,1193,748,513,10,9.5,222,18,717,294,300,267,623,292,869
